,InvoiceNo,StockCode,Description,Quantity,InvoiceDate,UnitPrice,CustomerID,Country
622,536414,22139,,56,01-12-2010 11:52,0.0,,United Kingdom
1970,536545,21134,,1,01-12-2010 14:32,0.0,,United Kingdom
1971,536546,22145,,1,01-12-2010 14:33,0.0,,United Kingdom
1972,536547,37509,,1,01-12-2010 14:33,0.0,,United Kingdom
1987,536549,85226A,,1,01-12-2010 14:34,0.0,,United Kingdom
1988,536550,85044,,1,01-12-2010 14:34,0.0,,United Kingdom
2024,536552,20950,,1,01-12-2010 14:34,0.0,,United Kingdom
2025,536553,37461,,3,01-12-2010 14:35,0.0,,United Kingdom
2026,536554,84670,,23,01-12-2010 14:35,0.0,,United Kingdom
2406,536589,21777,,-10,01-12-2010 16:50,0.0,,United Kingdom
4347,536764,84952C,,-38,02-12-2010 14:42,0.0,,United Kingdom
4348,536765,84952C,,19,02-12-2010 14:43,0.0,,United Kingdom
7187,536995,35951,,57,03-12-2010 15:29,0.0,,United Kingdom
7188,536996,22712,,-20,03-12-2010 15:30,0.0,,United Kingdom
7189,536997,22028,,-20,03-12-2010 15:30,0.0,,United Kingdom
7190,536998,85067,,-6,03-12-2010 15:30,0.0,,United Kingdom
7191,536999,21421,,110,03-12-2010 15:32,0.0,,United Kingdom
7192,537000,21414,,-22,03-12-2010 15:32,0.0,,United Kingdom
7193,537001,21653,,-6,03-12-2010 15:33,0.0,,United Kingdom
7194,537002,21651,,70,03-12-2010 15:33,0.0,,United Kingdom
7195,537003,85126,,-2,03-12-2010 15:33,0.0,,United Kingdom
7196,537004,21814,,-30,03-12-2010 15:34,0.0,,United Kingdom
7197,537005,21692,,-70,03-12-2010 15:35,0.0,,United Kingdom
7198,537006,21648,,-130,03-12-2010 15:36,0.0,,United Kingdom
7199,537007,21172,,-80,03-12-2010 15:36,0.0,,United Kingdom
7200,537008,21161,,-120,03-12-2010 15:37,0.0,,United Kingdom
7201,537009,84534B,,-80,03-12-2010 15:38,0.0,,United Kingdom
7202,537010,22162,,-40,03-12-2010 15:38,0.0,,United Kingdom
7203,537011,22139,,-5,03-12-2010 15:38,0.0,,United Kingdom
7204,537012,21535,,-12,03-12-2010 15:39,0.0,,United Kingdom
7205,537013,35965,,-25,03-12-2010 15:40,0.0,,United Kingdom
7206,537014,21040,,-20,03-12-2010 15:40,0.0,,United Kingdom
7207,537015,37464,,-14,03-12-2010 15:41,0.0,,United Kingdom
7208,537016,21836,,-15,03-12-2010 15:41,0.0,,United Kingdom
7209,537017,47556B,,-69,03-12-2010 15:41,0.0,,United Kingdom
7210,537018,84562A,,-3,03-12-2010 15:42,0.0,,United Kingdom
7211,537019,37474,,-15,03-12-2010 15:43,0.0,,United Kingdom
7212,537020,21807,,-30,03-12-2010 15:43,0.0,,United Kingdom
7213,537021,21011,,-20,03-12-2010 15:43,0.0,,United Kingdom
7291,537027,18098C,,-140,03-12-2010 16:36,0.0,,United Kingdom
7292,537028,21696,,-320,03-12-2010 16:36,0.0,,United Kingdom
7293,537029,37476,,-6,03-12-2010 16:37,0.0,,United Kingdom
12008,537361,21777,,5,06-12-2010 12:34,0.0,,United Kingdom
12069,537363,84569B,,-20,06-12-2010 12:35,0.0,,United Kingdom
12070,537364,21027,,-70,06-12-2010 12:36,0.0,,United Kingdom
12934,537401,84898F,,-24,06-12-2010 14:37,0.0,,United Kingdom
13219,537427,84968B,,-21,06-12-2010 15:37,0.0,,United Kingdom
13263,537430,85215,,120,06-12-2010 16:05,0.0,,United Kingdom
13959,537436,84270,,7,06-12-2010 17:00,0.0,,United Kingdom
13960,537437,90167,,10,06-12-2010 17:00,0.0,,United Kingdom
13961,537438,22959,,13,06-12-2010 17:00,0.0,,United Kingdom
13962,537439,37474,,1,06-12-2010 17:01,0.0,,United Kingdom
14060,537449,21054,,-30,07-12-2010 09:26,0.0,,United Kingdom
14061,537450,20684,,-19,07-12-2010 09:26,0.0,,United Kingdom
14062,537451,84881,,-11,07-12-2010 09:27,0.0,,United Kingdom
14063,537452,20941,,-24,07-12-2010 09:28,0.0,,United Kingdom
14064,537453,21248,,-18,07-12-2010 09:28,0.0,,United Kingdom
14065,537454,21349,,-44,07-12-2010 09:30,0.0,,United Kingdom
14066,537455,22155,,-70,07-12-2010 09:31,0.0,,United Kingdom
14217,537466,21488,,-50,07-12-2010 10:33,0.0,,United Kingdom
17158,537687,84840,,-9,08-12-2010 10:26,0.0,,United Kingdom
19599,537870,21486,,-77,08-12-2010 17:08,0.0,,United Kingdom
19625,537872,21595,,1,08-12-2010 18:07,0.0,,United Kingdom
19626,537873,37461,,1,08-12-2010 18:07,0.0,,United Kingdom
19627,537874,85170A,,1,08-12-2010 18:07,0.0,,United Kingdom
19628,537875,20849,,1,08-12-2010 18:08,0.0,,United Kingdom
19629,537876,84977,,2,08-12-2010 18:08,0.0,,United Kingdom
19630,537877,21661,,1,08-12-2010 18:08,0.0,,United Kingdom
19631,537878,72803B,,1,08-12-2010 18:09,0.0,,United Kingdom
19996,537999,22034,,-223,09-12-2010 11:44,0.0,,United Kingdom
19999,538001,35958,,10,09-12-2010 11:45,0.0,,United Kingdom
20037,538004,22114,,144,09-12-2010 12:11,0.0,,United Kingdom
20324,538036,21690,,34,09-12-2010 13:04,0.0,,United Kingdom
20330,538038,21488,,8,09-12-2010 13:07,0.0,,United Kingdom
20331,538039,22139,,7,09-12-2010 13:07,0.0,,United Kingdom
20392,538041,22145,,30,09-12-2010 13:09,0.0,,United Kingdom
20393,538042,21763,,-4,09-12-2010 13:10,0.0,,United Kingdom
20394,538043,22833,,-1,09-12-2010 13:10,0.0,,United Kingdom
20398,538045,84688,,27,09-12-2010 13:11,0.0,,United Kingdom
20399,538046,85008,,-15,09-12-2010 13:12,0.0,,United Kingdom
20400,538047,21429,,-70,09-12-2010 13:13,0.0,,United Kingdom
20469,538054,85167B,,-24,09-12-2010 13:34,0.0,,United Kingdom
20470,538055,22454,,-20,09-12-2010 13:34,0.0,,United Kingdom
20506,538058,20966,,-150,09-12-2010 13:38,0.0,,United Kingdom
20522,538061,21801,,-38,09-12-2010 13:39,0.0,,United Kingdom
21349,538074,21743,,-80,09-12-2010 14:11,0.0,,United Kingdom
21520,538092,37467,,-177,09-12-2010 14:49,0.0,,United Kingdom
21777,538128,21357,,46,09-12-2010 15:54,0.0,,United Kingdom
21778,538129,84497,,79,09-12-2010 15:55,0.0,,United Kingdom
21779,538130,90042C,,10,09-12-2010 15:55,0.0,,United Kingdom
21780,538131,17091A,,84,09-12-2010 15:56,0.0,,United Kingdom
21781,538132,84773,,3,09-12-2010 15:56,0.0,,United Kingdom
21782,538133,85018C,,3,09-12-2010 15:56,0.0,,United Kingdom
21783,538134,20878,,2,09-12-2010 15:56,0.0,,United Kingdom
21784,538135,21186,,2,09-12-2010 15:56,0.0,,United Kingdom
21785,538136,37509,,2,09-12-2010 15:57,0.0,,United Kingdom
21786,538137,62095B,,2,09-12-2010 15:57,0.0,,United Kingdom
21787,538138,72814,,2,09-12-2010 15:57,0.0,,United Kingdom
21788,538139,84802A,,2,09-12-2010 15:57,0.0,,United Kingdom
21789,538140,90002D,,9,09-12-2010 15:57,0.0,,United Kingdom
21790,538141,22218,,2,09-12-2010 15:58,0.0,,United Kingdom
21791,538142,84247C,,1,09-12-2010 15:58,0.0,,United Kingdom
21792,538143,84534B,,1,09-12-2010 15:58,0.0,,United Kingdom
21793,538144,90042B,,1,09-12-2010 15:58,0.0,,United Kingdom
22293,538158,20892,,-32,09-12-2010 17:17,0.0,,United Kingdom
22294,538159,21324,,-18,09-12-2010 17:17,0.0,,United Kingdom
22295,538160,20956,,288,09-12-2010 17:18,0.0,,United Kingdom
22534,538173,22353,,-28,10-12-2010 09:35,0.0,,United Kingdom
23764,538241,21431,,-21,10-12-2010 12:00,0.0,,United Kingdom
23765,538247,79067,,-145,10-12-2010 12:09,0.0,,United Kingdom
23804,538249,85084,,25,10-12-2010 12:19,0.0,,United Kingdom
25215,538359,35958,,2,10-12-2010 16:29,0.0,,United Kingdom
25216,538360,35004P,,1,10-12-2010 16:29,0.0,,United Kingdom
29972,538837,85135B,,-40,14-12-2010 13:10,0.0,,United Kingdom
30364,538861,22444,,460,14-12-2010 14:04,0.0,,United Kingdom
31226,538906,21895,,-5,15-12-2010 10:31,0.0,,United Kingdom
34608,539413,22959,,12,17-12-2010 13:44,0.0,,United Kingdom
38262,539495,22591,,36,20-12-2010 10:37,0.0,,United Kingdom
38539,539582,71477,,8,20-12-2010 12:53,0.0,,United Kingdom
38540,539583,35400,,1,20-12-2010 12:53,0.0,,United Kingdom
38541,539584,21491,,1,20-12-2010 12:54,0.0,,United Kingdom
38542,539585,21009,,1,20-12-2010 12:54,0.0,,United Kingdom
39369,539638,22139,,1,20-12-2010 15:23,0.0,,United Kingdom
40947,539749,22734,,30,21-12-2010 15:33,0.0,,United Kingdom
42289,539980,35001W,,-36,23-12-2010 14:34,0.0,,United Kingdom
42498,539994,22830,,-1,04-01-2011 10:09,0.0,,United Kingdom
42499,539995,85064,,-12,04-01-2011 10:12,0.0,,United Kingdom
42500,539996,21784,,-10,04-01-2011 10:12,0.0,,United Kingdom
42501,539997,84689,,5,04-01-2011 10:15,0.0,,United Kingdom
42502,539998,84675,,2,04-01-2011 10:16,0.0,,United Kingdom
42503,539999,20892,,-1,04-01-2011 10:16,0.0,,United Kingdom
42504,540000,84499,,-9,04-01-2011 10:17,0.0,,United Kingdom
42562,540008,85230F,,-48,04-01-2011 11:10,0.0,,United Kingdom
42563,540009,22158,,-120,04-01-2011 11:10,0.0,,United Kingdom
42565,540011,22501,,30,04-01-2011 11:13,0.0,,United Kingdom
42711,540018,90112,,2,04-01-2011 12:07,0.0,,United Kingdom
43704,540119,22865,,-60,05-01-2011 10:07,0.0,,United Kingdom
44863,540241,35957,,-939,05-01-2011 15:17,0.0,,United Kingdom
45150,540252,22198,,-100,05-01-2011 16:25,0.0,,United Kingdom
45394,540256,35957,,35,05-01-2011 17:21,0.0,,United Kingdom
45623,540272,90096,,-54,06-01-2011 11:57,0.0,,United Kingdom
46883,540369,47591D,,-201,06-01-2011 16:20,0.0,,United Kingdom
50151,540549,21587,,-53,10-01-2011 09:07,0.0,,United Kingdom
50808,540560,21589,,-14,10-01-2011 10:08,0.0,,United Kingdom
51048,540637,21275,,-5,10-01-2011 12:13,0.0,,United Kingdom
51672,540650,85124C,,-8,10-01-2011 14:59,0.0,,United Kingdom
51760,540676,84534B,,12,10-01-2011 16:05,0.0,,United Kingdom
51761,540677,21667,,1,10-01-2011 16:20,0.0,,United Kingdom
51762,540678,21667,,-1,10-01-2011 16:21,0.0,,United Kingdom
51763,540679,21667,,-1,10-01-2011 16:21,0.0,,United Kingdom
52094,540683,84546,,-45,10-01-2011 17:00,0.0,,United Kingdom
52095,540684,35271S,,-13,10-01-2011 17:01,0.0,,United Kingdom
52214,540693,82605,,1,11-01-2011 09:13,0.0,,United Kingdom
52215,540694,71477,,1,11-01-2011 09:13,0.0,,United Kingdom
52216,540695,21661,,1,11-01-2011 09:14,0.0,,United Kingdom
52217,540696,84562A,,1,11-01-2011 09:14,0.0,,United Kingdom
52262,540699,POST,,1000,11-01-2011 09:32,0.0,,United Kingdom
52379,540778,84029E,,-50,11-01-2011 11:15,0.0,,United Kingdom
55270,540982,22323,,1,12-01-2011 15:35,0.0,,United Kingdom
55319,540987,17011A,,-61,12-01-2011 16:15,0.0,,United Kingdom
55837,541000,21632,,-41,13-01-2011 10:11,0.0,,United Kingdom
61702,541482,22837,,-35,18-01-2011 12:32,0.0,,United Kingdom
61838,541487,85118,,-35,18-01-2011 13:19,0.0,,United Kingdom
63099,541519,21429,,-15,19-01-2011 09:11,0.0,,United Kingdom
64320,541600,22866,,-64,19-01-2011 16:48,0.0,,United Kingdom
64321,541601,22632,,-84,19-01-2011 16:48,0.0,,United Kingdom
65876,541697,21632,,8,20-01-2011 18:09,0.0,,United Kingdom
65943,541702,22451,,-30,21-01-2011 09:44,0.0,,United Kingdom
66518,541802,20854,,-80,21-01-2011 14:45,0.0,,United Kingdom
69215,541967,84823,,-3,24-01-2011 13:35,0.0,,United Kingdom
71633,542156,21348,,8,26-01-2011 10:52,0.0,,United Kingdom
73590,542362,20699,,-16,27-01-2011 12:49,0.0,,United Kingdom
73591,542363,84823,,1,27-01-2011 12:50,0.0,,United Kingdom
73592,542364,21324,,5,27-01-2011 12:50,0.0,,United Kingdom
73593,542365,21897,,-22,27-01-2011 12:51,0.0,,United Kingdom
73604,542367,82583,,-30,27-01-2011 12:57,0.0,,United Kingdom
73605,542368,85188B,,-70,27-01-2011 12:59,0.0,,United Kingdom
73752,542378,84279B,,192,27-01-2011 13:56,0.0,,United Kingdom
73753,542379,35922,,-30,27-01-2011 13:58,0.0,,United Kingdom
73754,542380,84917,,-50,27-01-2011 13:59,0.0,,United Kingdom
73849,542391,84455,,-31,27-01-2011 14:54,0.0,,United Kingdom
73850,542392,84227,,-2,27-01-2011 14:56,0.0,,United Kingdom
73934,542394,84452,,65,27-01-2011 15:11,0.0,,United Kingdom
73935,542396,22146,,-4,27-01-2011 15:12,0.0,,United Kingdom
74283,542414,84967A,,-2,27-01-2011 17:15,0.0,,United Kingdom
74284,542415,84967B,,-1,27-01-2011 17:15,0.0,,United Kingdom
74287,542417,84966B,,-11,27-01-2011 17:38,0.0,,United Kingdom
74288,542418,84966A,,-17,27-01-2011 17:39,0.0,,United Kingdom
74614,542504,37413,,5568,28-01-2011 12:03,0.0,,United Kingdom
74615,542505,79063D,,2560,28-01-2011 12:04,0.0,,United Kingdom
74642,542507,20798,,5,28-01-2011 12:06,0.0,,United Kingdom
74643,542508,37467,,136,28-01-2011 12:06,0.0,,United Kingdom
74644,542509,85049B,,3,28-01-2011 12:07,0.0,,United Kingdom
74645,542510,21667,,2,28-01-2011 12:07,0.0,,United Kingdom
74655,542512,22830,,2,28-01-2011 12:07,0.0,,United Kingdom
74656,542513,75013B,,2,28-01-2011 12:08,0.0,,United Kingdom
74657,542514,22866,,1,28-01-2011 12:08,0.0,,United Kingdom
74658,542515,35607A,,1,28-01-2011 12:08,0.0,,United Kingdom
74659,542516,71477,,4,28-01-2011 12:08,0.0,,United Kingdom
74668,542518,22184,,-13,28-01-2011 12:17,0.0,,United Kingdom
74825,542529,DCGS0055,,-1,28-01-2011 13:08,0.0,,United Kingdom
74838,542531,DCGS0072,,-1,28-01-2011 13:08,0.0,,United Kingdom
74839,542532,DCGS0074,,-1,28-01-2011 13:09,0.0,,United Kingdom
75220,542544,17165D,,-10,28-01-2011 14:43,0.0,,United Kingdom
75221,542545,17165D,,9,28-01-2011 14:44,0.0,,United Kingdom
75222,542546,20734,,-1,28-01-2011 14:44,0.0,,United Kingdom
75223,542547,20864,,-1,28-01-2011 14:45,0.0,,United Kingdom
75224,542548,20892,,-1,28-01-2011 14:45,0.0,,United Kingdom
75226,542550,20910,,-1,28-01-2011 14:45,0.0,,United Kingdom
75227,542551,21282,,-1,28-01-2011 14:46,0.0,,United Kingdom
75228,542552,21645,,-1,28-01-2011 14:47,0.0,,United Kingdom
75229,542553,21805,,-1,28-01-2011 14:49,0.0,,United Kingdom
75230,542554,21836,,-1,28-01-2011 14:49,0.0,,United Kingdom
75231,542555,21841,,-1,28-01-2011 14:50,0.0,,United Kingdom
75232,542556,22143,,-1,28-01-2011 14:50,0.0,,United Kingdom
75233,542557,22765,,-1,28-01-2011 14:50,0.0,,United Kingdom
75234,542558,35644,,-1,28-01-2011 14:51,0.0,,United Kingdom
75235,542559,35991,,-1,28-01-2011 14:51,0.0,,United Kingdom
75236,542560,47579,,-1,28-01-2011 14:51,0.0,,United Kingdom
75237,542561,84424A,,-1,28-01-2011 14:52,0.0,,United Kingdom
75238,542562,84499,,-1,28-01-2011 14:52,0.0,,United Kingdom
75239,542563,84509F,,-1,28-01-2011 14:52,0.0,,United Kingdom
75240,542564,84526,,-1,28-01-2011 14:52,0.0,,United Kingdom
75241,542565,84664,,-1,28-01-2011 14:52,0.0,,United Kingdom
75242,542566,84964B,,-1,28-01-2011 14:53,0.0,,United Kingdom
75243,542567,84975,,-1,28-01-2011 14:53,0.0,,United Kingdom
75252,542569,85028L,,-1,28-01-2011 14:53,0.0,,United Kingdom
75253,542570,85028S,,-1,28-01-2011 14:53,0.0,,United Kingdom
75254,542571,85031C,,-1,28-01-2011 14:54,0.0,,United Kingdom
75255,542572,85064,,-1,28-01-2011 14:54,0.0,,United Kingdom
75256,542573,85110,,-1,28-01-2011 14:55,0.0,,United Kingdom
75257,542574,85119,,-1,28-01-2011 14:55,0.0,,United Kingdom
75258,542575,85126,,-1,28-01-2011 14:55,0.0,,United Kingdom
75259,542576,85179B,,-1,28-01-2011 14:56,0.0,,United Kingdom
75260,542577,85232B,,-1,28-01-2011 14:56,0.0,,United Kingdom
75292,542579,90000C,,-1,28-01-2011 14:57,0.0,,United Kingdom
75293,542580,90095,,-1,28-01-2011 14:58,0.0,,United Kingdom
75294,542581,90091,,-1,28-01-2011 14:58,0.0,,United Kingdom
75295,542582,DCGS0057,,-6,28-01-2011 15:01,0.0,,United Kingdom
77754,542783,21690,,4,01-02-2011 10:02,0.0,,United Kingdom
77755,542784,84795C,,3,01-02-2011 10:04,0.0,,United Kingdom
78424,542879,22242,,-19,01-02-2011 12:52,0.0,,United Kingdom
78425,542880,22242,,10,01-02-2011 12:53,0.0,,United Kingdom
78456,542882,22162,,-40,01-02-2011 12:55,0.0,,United Kingdom
78457,542883,21448,,-40,01-02-2011 13:07,0.0,,United Kingdom
78458,542884,84748,,-52,01-02-2011 13:08,0.0,,United Kingdom
78459,542885,84465,,-6,01-02-2011 13:08,0.0,,United Kingdom
79459,542965,35400,,2,02-02-2011 11:22,0.0,,United Kingdom
80054,543014,47591B,,1,02-02-2011 13:36,0.0,,United Kingdom
80302,543034,85049F,,-130,02-02-2011 15:50,0.0,,United Kingdom
80303,543035,35004C,,-206,02-02-2011 15:51,0.0,,United Kingdom
80659,543049,79063C,,320,03-02-2011 10:09,0.0,,United Kingdom
80665,543051,79062D,,960,03-02-2011 10:15,0.0,,United Kingdom
81800,543176,22353,,60,04-02-2011 09:52,0.0,,United Kingdom
82251,543194,21355,,-217,04-02-2011 12:25,0.0,,United Kingdom
82610,543238,22833,,1,04-02-2011 13:42,0.0,,United Kingdom
82769,543254,35645,,18,04-02-2011 15:40,0.0,,United Kingdom
82795,543258,84611B,,1287,04-02-2011 16:06,0.0,,United Kingdom
82798,543261,84613C,,-173,04-02-2011 16:08,0.0,,United Kingdom
82827,543265,84872A,,-4,04-02-2011 17:23,0.0,,United Kingdom
82828,543266,82095,,-5,04-02-2011 17:24,0.0,,United Kingdom
82829,543267,35645,,3,04-02-2011 17:24,0.0,,United Kingdom
82830,543268,84306,,3,04-02-2011 17:24,0.0,,United Kingdom
82831,543269,84638,,-18,04-02-2011 17:25,0.0,,United Kingdom
82832,543270,84631,,-19,04-02-2011 17:25,0.0,,United Kingdom
82833,543271,21087,,-6,04-02-2011 17:26,0.0,,United Kingdom
83504,543308,35969,,-3,07-02-2011 12:04,0.0,,United Kingdom
83562,543310,35954,,-234,07-02-2011 12:10,0.0,,United Kingdom
84374,543386,16207B,,4,08-02-2011 09:22,0.0,,United Kingdom
84409,543390,84880,,-5,08-02-2011 10:02,0.0,,United Kingdom
84982,543453,21429,,1,08-02-2011 12:15,0.0,,United Kingdom
85486,543471,85150,,118,08-02-2011 15:00,0.0,,United Kingdom
85487,543472,22451,,1,08-02-2011 15:01,0.0,,United Kingdom
85488,543473,21661,,1,08-02-2011 15:01,0.0,,United Kingdom
85787,543521,22769,,-6,09-02-2011 11:49,0.0,,United Kingdom
86322,543545,22627,,-11,09-02-2011 15:50,0.0,,United Kingdom
86513,543552,22847,,-10,10-02-2011 10:05,0.0,,United Kingdom
87404,543654,22525,,-57,11-02-2011 10:29,0.0,,United Kingdom
87405,543655,21717,,-42,11-02-2011 10:30,0.0,,United Kingdom
87406,543656,84801B,,-44,11-02-2011 10:30,0.0,,United Kingdom
88201,543781,21655,,19,11-02-2011 16:36,0.0,,United Kingdom
88202,543782,85232B,,6,11-02-2011 16:36,0.0,,United Kingdom
88203,543783,20966,,-41,11-02-2011 16:45,0.0,,United Kingdom
90556,544046,21785,,-140,15-02-2011 12:34,0.0,,United Kingdom
90697,544063,22837,,-9,15-02-2011 13:37,0.0,,United Kingdom
90858,544072,22837,,26,15-02-2011 14:32,0.0,,United Kingdom
91072,544086,21785,,-7,15-02-2011 16:49,0.0,,United Kingdom
93925,544321,16033,,120,17-02-2011 15:42,0.0,,United Kingdom
94300,544342,22633,,-53,18-02-2011 09:44,0.0,,United Kingdom
94301,544343,22867,,-99,18-02-2011 09:45,0.0,,United Kingdom
94302,544344,22865,,51,18-02-2011 09:47,0.0,,United Kingdom
94303,544345,22866,,1,18-02-2011 09:49,0.0,,United Kingdom
94304,544346,22114,,-21,18-02-2011 09:50,0.0,,United Kingdom
94305,544347,22114,,-4,18-02-2011 09:51,0.0,,United Kingdom
94306,544348,84029E,,13,18-02-2011 09:52,0.0,,United Kingdom
94587,544396,62094B,,-92,18-02-2011 12:16,0.0,,United Kingdom
96374,544554,22588,,-41,21-02-2011 12:12,0.0,,United Kingdom
96679,544579,21651,,-6,21-02-2011 14:05,0.0,,United Kingdom
99161,544703,22202,,-114,23-02-2011 10:35,0.0,,United Kingdom
100714,544832,62096A,,-88,24-02-2011 10:05,0.0,,United Kingdom
100747,544834,90200C,,-33,24-02-2011 10:15,0.0,,United Kingdom
104083,545127,22024,,-50,28-02-2011 12:04,0.0,,United Kingdom
104084,545135,22028,,-30,28-02-2011 12:06,0.0,,United Kingdom
105334,545219,20738,,-36,28-02-2011 17:04,0.0,,United Kingdom
107042,545402,22862,,-33,02-03-2011 12:07,0.0,,United Kingdom
108578,545547,85061W,,-391,03-03-2011 15:07,0.0,,United Kingdom
108579,545548,77101A,,-87,03-03-2011 15:08,0.0,,United Kingdom
108580,545549,15058B,,-61,03-03-2011 15:10,0.0,,United Kingdom
108588,545551,15058A,,20,03-03-2011 15:11,0.0,,United Kingdom
108589,545552,22021,,-20,03-03-2011 15:11,0.0,,United Kingdom
108590,545553,84459B,,16,03-03-2011 15:12,0.0,,United Kingdom
108591,545554,22988,,-70,03-03-2011 15:12,0.0,,United Kingdom
108682,545560,37464,,-2,03-03-2011 16:12,0.0,,United Kingdom
108683,545561,37379A,,-9,03-03-2011 16:12,0.0,,United Kingdom
108684,545562,20689,,-5,03-03-2011 16:12,0.0,,United Kingdom
108685,545563,20671,,-22,03-03-2011 16:13,0.0,,United Kingdom
108686,545564,85092,,-9,03-03-2011 16:13,0.0,,United Kingdom
108687,545565,47563B,,-10,03-03-2011 16:14,0.0,,United Kingdom
108688,545566,37477D,,-9,03-03-2011 16:14,0.0,,United Kingdom
108689,545567,37444B,,-3,03-03-2011 16:14,0.0,,United Kingdom
109344,545598,22080,,-278,04-03-2011 11:16,0.0,,United Kingdom
109345,545599,22272,,-140,04-03-2011 11:17,0.0,,United Kingdom
109346,545600,85160A,,-21,04-03-2011 11:45,0.0,,United Kingdom
109530,545651,21973,,140,04-03-2011 13:14,0.0,,United Kingdom
109929,545666,37468,,67,04-03-2011 15:33,0.0,,United Kingdom
114541,546026,90200C,,4,08-03-2011 17:43,0.0,,United Kingdom
114789,546085,84535A,,144,09-03-2011 11:32,0.0,,United Kingdom
115261,546114,84247K,,47,09-03-2011 13:47,0.0,,United Kingdom
115809,546141,79302M,,73,09-03-2011 16:36,0.0,,United Kingdom
115812,546146,20752,,-40,09-03-2011 16:41,0.0,,United Kingdom
115816,546150,21503,,-140,09-03-2011 17:03,0.0,,United Kingdom
115817,546151,21504,,-80,09-03-2011 17:04,0.0,,United Kingdom
116357,546240,85045,,20,10-03-2011 13:00,0.0,,United Kingdom
116405,546244,21484,,219,10-03-2011 13:24,0.0,,United Kingdom
116919,546307,84029G,,280,10-03-2011 16:22,0.0,,United Kingdom
116920,546308,21555,,232,10-03-2011 16:23,0.0,,United Kingdom
116921,546309,85185B,,180,10-03-2011 16:24,0.0,,United Kingdom
117254,546375,85096,,48,11-03-2011 12:07,0.0,,United Kingdom
117315,546379,72225C,,-82,11-03-2011 12:21,0.0,,United Kingdom
119556,546551,84563A,,-10,14-03-2011 17:33,0.0,,United Kingdom
120580,546661,22777,,-25,15-03-2011 14:33,0.0,,United Kingdom
120605,546666,79321,,72,15-03-2011 15:14,0.0,,United Kingdom
120762,546672,85206A,,-77,15-03-2011 15:47,0.0,,United Kingdom
120763,546673,23348,,48,15-03-2011 16:11,0.0,,United Kingdom
121360,546756,79067,,-5,16-03-2011 13:31,0.0,,United Kingdom
128445,547328,22272,,45,22-03-2011 11:37,0.0,,United Kingdom
128446,547329,20681,,-1,22-03-2011 11:38,0.0,,United Kingdom
128447,547330,21894,,-40,22-03-2011 11:40,0.0,,United Kingdom
128448,547331,17013D,,-20,22-03-2011 11:41,0.0,,United Kingdom
128449,547332,21613,,-47,22-03-2011 11:42,0.0,,United Kingdom
128450,547333,22791,,-70,22-03-2011 11:43,0.0,,United Kingdom
128463,547335,20934,,-15,22-03-2011 11:44,0.0,,United Kingdom
128466,547338,22245,,-110,22-03-2011 11:49,0.0,,United Kingdom
128473,547341,85049D,,-20,22-03-2011 11:53,0.0,,United Kingdom
128474,547343,77101A,,4,22-03-2011 11:54,0.0,,United Kingdom
128477,547344,22838,,5,22-03-2011 11:55,0.0,,United Kingdom
128478,547345,22838,,-10,22-03-2011 11:55,0.0,,United Kingdom
128479,547346,21000,,-41,22-03-2011 11:56,0.0,,United Kingdom
128480,547347,22470,,-6,22-03-2011 11:56,0.0,,United Kingdom
128481,547348,85206A,,4,22-03-2011 11:57,0.0,,United Kingdom
128947,547369,21898,,-83,22-03-2011 13:24,0.0,,United Kingdom
129791,547394,71477,,1,22-03-2011 16:38,0.0,,United Kingdom
129792,547395,84977,,1,22-03-2011 16:38,0.0,,United Kingdom
130078,547402,85028L,,12,22-03-2011 17:04,0.0,,United Kingdom
130079,547403,85028L,,-2,22-03-2011 17:05,0.0,,United Kingdom
130080,547404,85028S,,24,22-03-2011 17:05,0.0,,United Kingdom
130370,547487,84596E,,-153,23-03-2011 11:29,0.0,,United Kingdom
130736,547505,22198,,-9,23-03-2011 13:36,0.0,,United Kingdom
130737,547506,21538,,-2,23-03-2011 13:38,0.0,,United Kingdom
130944,547522,21717,,5,23-03-2011 15:02,0.0,,United Kingdom
130945,547523,85197,,5,23-03-2011 15:03,0.0,,United Kingdom
130946,547524,22451,,4,23-03-2011 15:03,0.0,,United Kingdom
130947,547525,21258,,3,23-03-2011 15:04,0.0,,United Kingdom
130948,547526,22627,,3,23-03-2011 15:04,0.0,,United Kingdom
130949,547527,21826,,2,23-03-2011 15:04,0.0,,United Kingdom
130950,547528,84840,,2,23-03-2011 15:05,0.0,,United Kingdom
130951,547529,21841,,1,23-03-2011 15:05,0.0,,United Kingdom
130952,547530,22764,,3,23-03-2011 15:05,0.0,,United Kingdom
130953,547531,82605,,1,23-03-2011 15:06,0.0,,United Kingdom
130954,547532,84227,,1,23-03-2011 15:06,0.0,,United Kingdom
130955,547533,84968B,,2,23-03-2011 15:06,0.0,,United Kingdom
130956,547534,90084,,1,23-03-2011 15:06,0.0,,United Kingdom
130967,547536,90005A,,1,23-03-2011 15:07,0.0,,United Kingdom
131391,547557,22866,,2,23-03-2011 16:53,0.0,,United Kingdom
131604,547575,85025C,,144,24-03-2011 10:18,0.0,,United Kingdom
131699,547593,20785,,-2,24-03-2011 11:18,0.0,,United Kingdom
131701,547595,82483,,-12,24-03-2011 11:20,0.0,,United Kingdom
131702,547596,84306,,-5,24-03-2011 11:20,0.0,,United Kingdom
131703,547597,17011F,,-18,24-03-2011 11:21,0.0,,United Kingdom
131704,547598,21332,,-25,24-03-2011 11:24,0.0,,United Kingdom
131705,547599,21361,,-10,24-03-2011 11:24,0.0,,United Kingdom
131706,547606,22173,,-22,24-03-2011 11:26,0.0,,United Kingdom
131707,547611,84631,,-9,24-03-2011 11:26,0.0,,United Kingdom
131708,547618,21547,,-12,24-03-2011 11:28,0.0,,United Kingdom
131740,547626,20973,,60,24-03-2011 11:30,0.0,,United Kingdom
131771,547646,84849D,,-80,24-03-2011 11:42,0.0,,United Kingdom
132792,547696,35809B,,12,24-03-2011 16:07,0.0,,United Kingdom
132812,547699,21143,,-32,24-03-2011 16:38,0.0,,United Kingdom
132813,547700,21147,,-105,24-03-2011 16:39,0.0,,United Kingdom
132814,547701,84559D,,-7,24-03-2011 16:42,0.0,,United Kingdom
133993,547813,84840,,1,25-03-2011 14:11,0.0,,United Kingdom
134134,547827,22444,,82,25-03-2011 15:10,0.0,,United Kingdom
135862,547916,22459,,-36,28-03-2011 12:46,0.0,,United Kingdom
135863,547917,21898,,6,28-03-2011 12:46,0.0,,United Kingdom
136089,547927,37444C,,5,28-03-2011 13:59,0.0,,United Kingdom
136090,547928,37444B,,1,28-03-2011 14:00,0.0,,United Kingdom
136091,547929,21393,,3,28-03-2011 14:00,0.0,,United Kingdom
136094,547932,85197,,24,28-03-2011 14:01,0.0,,United Kingdom
136095,547933,21445,,1,28-03-2011 14:02,0.0,,United Kingdom
136224,547943,21357,,1,28-03-2011 14:58,0.0,,United Kingdom
136267,547948,71038,,167,28-03-2011 15:06,0.0,,United Kingdom
136272,547957,20713,,32,28-03-2011 15:16,0.0,,United Kingdom
136274,547959,20713,,23,28-03-2011 15:19,0.0,,United Kingdom
136537,547966,DOT,,1000,28-03-2011 15:49,0.0,,United Kingdom
136878,547994,21228,,-7,29-03-2011 10:18,0.0,,United Kingdom
136879,547995,35823P,,-12,29-03-2011 10:20,0.0,,United Kingdom
136880,547996,84534B,,-10,29-03-2011 10:22,0.0,,United Kingdom
136881,547997,20857,,-34,29-03-2011 10:22,0.0,,United Kingdom
136882,547998,20854,,-2,29-03-2011 10:23,0.0,,United Kingdom
136883,547999,20860,,-7,29-03-2011 10:24,0.0,,United Kingdom
136884,548000,85224,,-7,29-03-2011 10:24,0.0,,United Kingdom
136885,548001,22451,,11,29-03-2011 10:26,0.0,,United Kingdom
136886,548002,21051,,-25,29-03-2011 10:27,0.0,,United Kingdom
136966,548008,21190,,-80,29-03-2011 10:52,0.0,,United Kingdom
137183,548069,20713,,-22,29-03-2011 12:10,0.0,,United Kingdom
137184,548095,20850,,-3,29-03-2011 12:17,0.0,,United Kingdom
137185,548098,21283,,-15,29-03-2011 12:17,0.0,,United Kingdom
137186,548104,84854,,-3,29-03-2011 12:18,0.0,,United Kingdom
137187,548110,21911,,-27,29-03-2011 12:20,0.0,,United Kingdom
137240,548149,72821,,-2,29-03-2011 12:36,0.0,,United Kingdom
137450,548161,20734,,2,29-03-2011 13:40,0.0,,United Kingdom
137905,548173,85067,,-3,29-03-2011 14:17,0.0,,United Kingdom
137907,548175,46115B,,-2,29-03-2011 14:19,0.0,,United Kingdom
138455,548195,79321,,27,29-03-2011 15:36,0.0,,United Kingdom
138693,548205,21614,,48,29-03-2011 16:51,0.0,,United Kingdom
138694,548206,22469,,-53,29-03-2011 16:56,0.0,,United Kingdom
138695,548207,20713,,25,29-03-2011 17:11,0.0,,United Kingdom
138714,548209,21621,,-30,29-03-2011 17:21,0.0,,United Kingdom
138902,548220,79321,,14,30-03-2011 09:47,0.0,,United Kingdom
138903,548221,85049B,,1,30-03-2011 09:47,0.0,,United Kingdom
138908,548224,47593A,,2,30-03-2011 10:23,0.0,,United Kingdom
138909,548227,90099,,-19,30-03-2011 10:24,0.0,,United Kingdom
139060,548261,90104,,2,30-03-2011 11:19,0.0,,United Kingdom
139064,548269,22036,,-45,30-03-2011 11:35,0.0,,United Kingdom
139083,548286,10002,,180,30-03-2011 11:47,0.0,,United Kingdom
139595,548328,21527,,-21,30-03-2011 13:11,0.0,,United Kingdom
139716,548339,21827,,-42,30-03-2011 14:08,0.0,,United Kingdom
139906,548364,21095,,53,30-03-2011 15:49,0.0,,United Kingdom
139907,548365,79172D,,-7,30-03-2011 15:49,0.0,,United Kingdom
139908,548366,84678,,-33,30-03-2011 15:50,0.0,,United Kingdom
139936,548369,84683,,-6,30-03-2011 16:00,0.0,,United Kingdom
140194,548376,22533,,-80,30-03-2011 16:39,0.0,,United Kingdom
140196,548377,85016,,-46,30-03-2011 16:40,0.0,,United Kingdom
140197,548378,22052,,-75,30-03-2011 16:41,0.0,,United Kingdom
140198,548379,20702,,11,30-03-2011 16:41,0.0,,United Kingdom
140201,548382,84898F,,-2,30-03-2011 16:46,0.0,,United Kingdom
140202,548383,84906,,5,30-03-2011 16:46,0.0,,United Kingdom
140211,548385,22168,,-19,30-03-2011 16:47,0.0,,United Kingdom
140282,548395,22194,,-9,30-03-2011 17:20,0.0,,United Kingdom
140284,548397,21195,,-30,30-03-2011 17:23,0.0,,United Kingdom
140285,548398,22482,,-66,30-03-2011 17:24,0.0,,United Kingdom
140286,548399,15030,,150,30-03-2011 17:25,0.0,,United Kingdom
140353,548402,21040,,-5,31-03-2011 09:26,0.0,,United Kingdom
142003,548535,90010A,,25,31-03-2011 17:33,0.0,,United Kingdom
142004,548536,90010B,,-50,31-03-2011 17:34,0.0,,United Kingdom
142005,548537,90173,,-28,31-03-2011 17:35,0.0,,United Kingdom
142006,548538,90082B,,3,31-03-2011 17:36,0.0,,United Kingdom
142007,548539,90005A,,2,31-03-2011 17:37,0.0,,United Kingdom
142008,548540,90035A,,-9,31-03-2011 17:51,0.0,,United Kingdom
142584,548615,16010,,-7,01-04-2011 11:47,0.0,,United Kingdom
142772,548637,84596E,,5,01-04-2011 12:32,0.0,,United Kingdom
142773,548638,21258,,4,01-04-2011 12:34,0.0,,United Kingdom
142774,548639,22627,,1,01-04-2011 12:34,0.0,,United Kingdom
142797,548646,21472,,-140,01-04-2011 13:15,0.0,,United Kingdom
142989,548662,82494L,,-180,01-04-2011 14:31,0.0,,United Kingdom
143301,548675,85185D,,-2,01-04-2011 16:39,0.0,,United Kingdom
143302,548676,72800F,,-5,01-04-2011 16:40,0.0,,United Kingdom
143303,548677,72781,,-30,01-04-2011 16:40,0.0,,United Kingdom
143304,548678,35015,,-9,01-04-2011 16:41,0.0,,United Kingdom
143305,548679,72793,,-3,01-04-2011 16:42,0.0,,United Kingdom
143306,548680,72800D,,-18,01-04-2011 16:43,0.0,,United Kingdom
143307,548681,72800D,,3,01-04-2011 16:43,0.0,,United Kingdom
143308,548682,72789,,-2,01-04-2011 16:44,0.0,,United Kingdom
143309,548683,72801G,,47,01-04-2011 16:45,0.0,,United Kingdom
143310,548684,72798C,,-2,01-04-2011 16:46,0.0,,United Kingdom
143311,548685,85018B,,-2,01-04-2011 16:47,0.0,,United Kingdom
143342,548693,22720,,-60,01-04-2011 17:25,0.0,,United Kingdom
143343,548694,22720,,10,01-04-2011 17:28,0.0,,United Kingdom
145256,548886,85118,,-6,04-04-2011 15:23,0.0,,United Kingdom
145257,548887,35824B,,-8,04-04-2011 15:24,0.0,,United Kingdom
145258,548888,84726,,-14,04-04-2011 15:25,0.0,,United Kingdom
145259,548889,84875A,,-17,04-04-2011 15:26,0.0,,United Kingdom
145260,548890,84876C,,-19,04-04-2011 15:26,0.0,,United Kingdom
145735,548897,47570B,,-70,04-04-2011 16:22,0.0,,United Kingdom
146237,548980,22114,,-194,05-04-2011 12:21,0.0,,United Kingdom
146360,548986,21210,,-177,05-04-2011 12:46,0.0,,United Kingdom
146469,548989,72799F,,-46,05-04-2011 13:19,0.0,,United Kingdom
146597,548997,84507B,,20,05-04-2011 14:33,0.0,,United Kingdom
146598,548998,84741C,,8,05-04-2011 14:34,0.0,,United Kingdom
146600,549000,35972,,-45,05-04-2011 14:35,0.0,,United Kingdom
146601,549001,84845D,,-5,05-04-2011 14:35,0.0,,United Kingdom
146602,549002,21278,,17,05-04-2011 14:36,0.0,,United Kingdom
146603,549003,21279,,14,05-04-2011 14:36,0.0,,United Kingdom
146604,549004,21274,,-3,05-04-2011 14:37,0.0,,United Kingdom
146605,549005,16020C,,-5,05-04-2011 14:37,0.0,,United Kingdom
146606,549006,84508B,,-23,05-04-2011 14:38,0.0,,United Kingdom
146627,549008,21281,,-31,05-04-2011 14:38,0.0,,United Kingdom
146628,549009,21474,,-8,05-04-2011 14:39,0.0,,United Kingdom
146629,549010,21684,,-62,05-04-2011 14:39,0.0,,United Kingdom
146630,549011,62096B,,-8,05-04-2011 14:41,0.0,,United Kingdom
146977,549028,84569A,,-18,05-04-2011 17:02,0.0,,United Kingdom
146978,549029,84569B,,-17,05-04-2011 17:03,0.0,,United Kingdom
146979,549030,84520B,,-61,05-04-2011 17:03,0.0,,United Kingdom
146980,549031,10134,,-19,05-04-2011 17:04,0.0,,United Kingdom
146981,549032,20778,,-6,05-04-2011 17:06,0.0,,United Kingdom
146982,549033,16254,,-5,05-04-2011 17:08,0.0,,United Kingdom
146983,549034,16248B,,2,05-04-2011 17:08,0.0,,United Kingdom
146984,549035,72051S,,-15,05-04-2011 17:09,0.0,,United Kingdom
146985,549036,84993B,,-54,05-04-2011 17:09,0.0,,United Kingdom
146986,549037,84569C,,-37,05-04-2011 17:09,0.0,,United Kingdom
146987,549038,84569D,,-70,05-04-2011 17:10,0.0,,United Kingdom
146993,549042,21681,,-2,05-04-2011 17:24,0.0,,United Kingdom
146994,549043,84990,,-24,05-04-2011 17:26,0.0,,United Kingdom
147333,549103,82494L,,167,06-04-2011 11:39,0.0,,United Kingdom
147787,549132,20756,,-70,06-04-2011 15:22,0.0,,United Kingdom
147788,549133,20759,,-52,06-04-2011 15:22,0.0,,United Kingdom
147789,549134,20758,,-54,06-04-2011 15:22,0.0,,United Kingdom
147790,549135,20760,,31,06-04-2011 15:23,0.0,,United Kingdom
147791,549136,21414,,-3,06-04-2011 15:23,0.0,,United Kingdom
147792,549137,84459B,,-7,06-04-2011 15:24,0.0,,United Kingdom
147793,549138,22988,,12,06-04-2011 15:25,0.0,,United Kingdom
147794,549139,22988,,-91,06-04-2011 15:26,0.0,,United Kingdom
147795,549140,35819B,,7,06-04-2011 15:26,0.0,,United Kingdom
147796,549141,35819B,,70,06-04-2011 15:26,0.0,,United Kingdom
147797,549142,35650,,-24,06-04-2011 15:26,0.0,,United Kingdom
147798,549143,84597C,,-17,06-04-2011 15:27,0.0,,United Kingdom
147799,549144,21416,,-14,06-04-2011 15:28,0.0,,United Kingdom
147800,549145,21421,,26,06-04-2011 15:28,0.0,,United Kingdom
147801,549146,85017A,,-10,06-04-2011 15:29,0.0,,United Kingdom
147802,549147,20773,,-4,06-04-2011 15:30,0.0,,United Kingdom
147826,549149,35649,,-43,06-04-2011 15:31,0.0,,United Kingdom
147827,549150,79336,,-47,06-04-2011 15:32,0.0,,United Kingdom
147828,549151,21664,,20,06-04-2011 15:33,0.0,,United Kingdom
148080,549156,17013D,,-9,06-04-2011 17:11,0.0,,United Kingdom
148081,549157,21511,,-9,06-04-2011 17:13,0.0,,United Kingdom
148082,549158,21910,,-1,06-04-2011 17:13,0.0,,United Kingdom
148083,549159,22052,,-25,06-04-2011 17:14,0.0,,United Kingdom
148084,549160,81953P,,-7,06-04-2011 17:15,0.0,,United Kingdom
148085,549161,21518,,-31,06-04-2011 17:15,0.0,,United Kingdom
148088,549163,84247L,,8,06-04-2011 17:18,0.0,,United Kingdom
148089,549164,16169P,,-75,06-04-2011 17:20,0.0,,United Kingdom
148090,549165,35815P,,-63,06-04-2011 17:20,0.0,,United Kingdom
148091,549166,44265,,3,06-04-2011 17:21,0.0,,United Kingdom
148092,549167,84846A,,-8,06-04-2011 17:24,0.0,,United Kingdom
148093,549168,21161,,-10,06-04-2011 17:24,0.0,,United Kingdom
148106,549170,82545A,,-4,06-04-2011 17:25,0.0,,United Kingdom
148107,549171,84251F,,-2,06-04-2011 17:26,0.0,,United Kingdom
148108,549172,21637,,-139,06-04-2011 17:27,0.0,,United Kingdom
148109,549173,84218,,-2,06-04-2011 17:28,0.0,,United Kingdom
148110,549174,21160,,-7,06-04-2011 17:30,0.0,,United Kingdom
148111,549175,21171,,-30,06-04-2011 17:30,0.0,,United Kingdom
148112,549176,35603B,,-12,06-04-2011 17:31,0.0,,United Kingdom
148113,549177,20821,,9,06-04-2011 17:32,0.0,,United Kingdom
148114,549178,47502,,-19,06-04-2011 17:33,0.0,,United Kingdom
148115,549179,84007,,-3,06-04-2011 17:34,0.0,,United Kingdom
148116,549180,84522,,-30,06-04-2011 17:34,0.0,,United Kingdom
148563,549244,79331,,-3,07-04-2011 11:53,0.0,,United Kingdom
149043,549264,21337,,-21,07-04-2011 12:45,0.0,,United Kingdom
149044,549266,84593,,-5,07-04-2011 12:45,0.0,,United Kingdom
149046,549267,46037A,,-5,07-04-2011 12:46,0.0,,United Kingdom
149047,549268,84856S,,-7,07-04-2011 12:47,0.0,,United Kingdom
149050,549270,84856L,,-27,07-04-2011 12:48,0.0,,United Kingdom
149051,549271,62096B,,-2,07-04-2011 12:48,0.0,,United Kingdom
150144,549326,21738,,-5,08-04-2011 10:45,0.0,,United Kingdom
150145,549327,84912A,,70,08-04-2011 10:46,0.0,,United Kingdom
150146,549328,51008,,-110,08-04-2011 10:49,0.0,,United Kingdom
150147,549329,84989A,,-1,08-04-2011 10:49,0.0,,United Kingdom
150148,549330,84251J,,-28,08-04-2011 10:53,0.0,,United Kingdom
150149,549331,40018F,,-22,08-04-2011 10:54,0.0,,United Kingdom
150150,549332,84864A,,-2,08-04-2011 10:55,0.0,,United Kingdom
150151,549340,20774,,-11,08-04-2011 11:02,0.0,,United Kingdom
150152,549342,35818B,,-53,08-04-2011 11:06,0.0,,United Kingdom
150153,549343,72815,,-3,08-04-2011 11:07,0.0,,United Kingdom
150154,549344,21825,,-14,08-04-2011 11:08,0.0,,United Kingdom
150155,549345,20748,,12,08-04-2011 11:10,0.0,,United Kingdom
150156,549346,22033,,-50,08-04-2011 11:10,0.0,,United Kingdom
150157,549347,35914,,10,08-04-2011 11:11,0.0,,United Kingdom
150158,549348,84251B,,-60,08-04-2011 11:13,0.0,,United Kingdom
150159,549349,10123G,,-38,08-04-2011 11:13,0.0,,United Kingdom
150160,549350,84597B,,-13,08-04-2011 11:14,0.0,,United Kingdom
150161,549351,85006,,-21,08-04-2011 11:14,0.0,,United Kingdom
150169,549355,84899F,,-5,08-04-2011 11:21,0.0,,United Kingdom
150220,549371,84921,,-17,08-04-2011 11:27,0.0,,United Kingdom
150239,549373,85008,,-2,08-04-2011 11:28,0.0,,United Kingdom
150240,549374,20775,,-29,08-04-2011 11:29,0.0,,United Kingdom
150241,549375,20863,,-6,08-04-2011 11:29,0.0,,United Kingdom
150242,549376,17014A,,11,08-04-2011 11:29,0.0,,United Kingdom
150349,549426,22078,,-201,08-04-2011 11:55,0.0,,United Kingdom
150592,549453,84857C,,24,08-04-2011 14:18,0.0,,United Kingdom
150593,549454,84858C,,46,08-04-2011 14:18,0.0,,United Kingdom
150594,549455,84858C,,-10,08-04-2011 14:18,0.0,,United Kingdom
150595,549456,47341A,,-6,08-04-2011 14:19,0.0,,United Kingdom
150596,549457,47344B,,-16,08-04-2011 14:19,0.0,,United Kingdom
150597,549458,62097B,,-6,08-04-2011 14:19,0.0,,United Kingdom
150598,549459,62043B,,7,08-04-2011 14:20,0.0,,United Kingdom
150599,549460,20716,,-82,08-04-2011 14:20,0.0,,United Kingdom
150600,549461,20731,,-16,08-04-2011 14:20,0.0,,United Kingdom
150601,549462,84910A,,-16,08-04-2011 14:21,0.0,,United Kingdom
150602,549463,84919,,-17,08-04-2011 14:21,0.0,,United Kingdom
150603,549464,20701,,-6,08-04-2011 14:21,0.0,,United Kingdom
150604,549465,84415B,,-5,08-04-2011 14:22,0.0,,United Kingdom
150605,549466,20816,,-11,08-04-2011 14:22,0.0,,United Kingdom
150616,549470,46775D,,-8,08-04-2011 14:28,0.0,,United Kingdom
150620,549489,85146,,8,08-04-2011 15:05,0.0,,United Kingdom
150621,549492,21736,,5,08-04-2011 15:06,0.0,,United Kingdom
150622,549494,22168,,6,08-04-2011 15:06,0.0,,United Kingdom
150623,549497,21527,,3,08-04-2011 15:06,0.0,,United Kingdom
150624,549498,22847,,1,08-04-2011 15:06,0.0,,United Kingdom
150625,549500,79321,,1,08-04-2011 15:06,0.0,,United Kingdom
150626,549502,84459B,,1,08-04-2011 15:07,0.0,,United Kingdom
150627,549506,22415,,-31,08-04-2011 15:07,0.0,,United Kingdom
150628,549510,84559B,,-158,08-04-2011 15:08,0.0,,United Kingdom
150629,549514,20820,,-3,08-04-2011 15:09,0.0,,United Kingdom
151034,549528,21422,,-55,08-04-2011 16:44,0.0,,United Kingdom
152856,549695,84751B,,-24,11-04-2011 13:50,0.0,,United Kingdom
154152,549848,84531A,,-34,12-04-2011 14:51,0.0,,United Kingdom
154153,549849,84531B,,-23,12-04-2011 14:51,0.0,,United Kingdom
156350,550133,85099F,,-1092,14-04-2011 13:49,0.0,,United Kingdom
162503,550501,35915C,,30,18-04-2011 15:28,0.0,,United Kingdom
162504,550502,84535A,,320,18-04-2011 15:29,0.0,,United Kingdom
165032,550757,16202B,,-9,20-04-2011 12:08,0.0,,United Kingdom
165033,550758,85017A,,-8,20-04-2011 12:09,0.0,,United Kingdom
165034,550759,21087,,-7,20-04-2011 12:09,0.0,,United Kingdom
165035,550760,84750B,,-4,20-04-2011 12:09,0.0,,United Kingdom
165036,550761,84388,,6,20-04-2011 12:10,0.0,,United Kingdom
165037,550762,85030,,-9,20-04-2011 12:10,0.0,,United Kingdom
165038,550763,84666,,-5,20-04-2011 12:11,0.0,,United Kingdom
165565,550815,85027L,,8,20-04-2011 16:42,0.0,,United Kingdom
166508,550926,22469,,8,21-04-2011 14:39,0.0,,United Kingdom
166509,550927,84990,,1,21-04-2011 14:40,0.0,,United Kingdom
166510,550928,22867,,3,21-04-2011 14:41,0.0,,United Kingdom
166511,550929,22470,,2,21-04-2011 14:41,0.0,,United Kingdom
166512,550930,22988,,2,21-04-2011 14:41,0.0,,United Kingdom
166619,550943,21316,,-5,21-04-2011 15:51,0.0,,United Kingdom
166626,550945,79329,,-2,21-04-2011 15:52,0.0,,United Kingdom
167057,550970,82599,,-11,21-04-2011 17:02,0.0,,United Kingdom
167118,550975,20941,,20,21-04-2011 17:28,0.0,,United Kingdom
167119,550976,84921,,6,21-04-2011 17:28,0.0,,United Kingdom
167120,550977,85200,,6,21-04-2011 17:29,0.0,,United Kingdom
167139,550979,85145,,9,21-04-2011 17:31,0.0,,United Kingdom
167140,550980,21445,,1,21-04-2011 17:31,0.0,,United Kingdom
167141,550981,21911,,1,21-04-2011 17:32,0.0,,United Kingdom
167142,550982,22632,,5,21-04-2011 17:33,0.0,,United Kingdom
167143,550983,22866,,4,21-04-2011 17:34,0.0,,United Kingdom
167144,550984,85008,,1,21-04-2011 17:35,0.0,,United Kingdom
167145,550985,22777,,4,21-04-2011 17:40,0.0,,United Kingdom
168664,551126,82483,,18,26-04-2011 12:47,0.0,,United Kingdom
169160,551168,85068,,-4,26-04-2011 16:06,0.0,,United Kingdom
169680,551201,16015,,-620,27-04-2011 11:33,0.0,,United Kingdom
170532,551318,21898,,60,27-04-2011 15:25,0.0,,United Kingdom
170533,551319,22459,,65,27-04-2011 15:25,0.0,,United Kingdom
170534,551320,21897,,60,27-04-2011 15:25,0.0,,United Kingdom
170535,551321,22719,,36,27-04-2011 15:26,0.0,,United Kingdom
170536,551322,85099F,,101,27-04-2011 15:28,0.0,,United Kingdom
170541,551326,85017A,,-2,27-04-2011 15:51,0.0,,United Kingdom
170543,551328,21320,,-23,27-04-2011 16:08,0.0,,United Kingdom
171180,551394,16015,,400,28-04-2011 12:37,0.0,,United Kingdom
171492,551422,22084,,-150,28-04-2011 14:11,0.0,,United Kingdom
171573,551429,10002,,-3,28-04-2011 15:05,0.0,,United Kingdom
171574,551430,20966,,-3,28-04-2011 15:06,0.0,,United Kingdom
171575,551431,44091A,,-2,28-04-2011 15:06,0.0,,United Kingdom
171576,551432,21923,,-5,28-04-2011 15:06,0.0,,United Kingdom
171577,551433,21784,,-2,28-04-2011 15:07,0.0,,United Kingdom
171578,551434,20896,,-5,28-04-2011 15:07,0.0,,United Kingdom
171579,551435,20825,,-5,28-04-2011 15:08,0.0,,United Kingdom
171713,551441,85136B,,-4,28-04-2011 15:50,0.0,,United Kingdom
171714,551442,85060,,-4,28-04-2011 15:50,0.0,,United Kingdom
171715,551443,35920,,-4,28-04-2011 15:51,0.0,,United Kingdom
171716,551444,35809B,,-4,28-04-2011 15:58,0.0,,United Kingdom
171720,551446,35594,,-4,28-04-2011 15:58,0.0,,United Kingdom
171721,551447,35004C,,-4,28-04-2011 15:59,0.0,,United Kingdom
171722,551448,22734,,-4,28-04-2011 15:59,0.0,,United Kingdom
171723,551449,22525,,-4,28-04-2011 16:00,0.0,,United Kingdom
171724,551450,21410,,-4,28-04-2011 16:00,0.0,,United Kingdom
171725,551451,21330,,-4,28-04-2011 16:01,0.0,,United Kingdom
171726,551452,84715,,-3,28-04-2011 16:01,0.0,,United Kingdom
171727,551453,82494L,,-3,28-04-2011 16:01,0.0,,United Kingdom
171728,551454,78027,,-3,28-04-2011 16:02,0.0,,United Kingdom
171729,551455,37333,,-1,28-04-2011 16:03,0.0,,United Kingdom
171730,551456,22795,,-3,28-04-2011 16:03,0.0,,United Kingdom
171731,551457,22719,,-3,28-04-2011 16:04,0.0,,United Kingdom
171732,551458,22451,,3,28-04-2011 16:04,0.0,,United Kingdom
171733,551459,22173,,-30,28-04-2011 16:04,0.0,,United Kingdom
171734,551460,22173,,27,28-04-2011 16:05,0.0,,United Kingdom
171735,551461,21806,,-3,28-04-2011 16:05,0.0,,United Kingdom
172692,551553,22521,,-90,03-05-2011 10:15,0.0,,United Kingdom
172693,551554,22720,,-4,03-05-2011 10:19,0.0,,United Kingdom
172861,551565,85135A,,-7,03-05-2011 11:10,0.0,,United Kingdom
172866,551567,21269,,13,03-05-2011 11:12,0.0,,United Kingdom
172867,551568,21038,,-6,03-05-2011 11:12,0.0,,United Kingdom
172868,551569,85226C,,-6,03-05-2011 11:13,0.0,,United Kingdom
172869,551570,85189,,-6,03-05-2011 11:13,0.0,,United Kingdom
172870,551571,47591A,,-6,03-05-2011 11:14,0.0,,United Kingdom
172871,551572,37424,,-6,03-05-2011 11:15,0.0,,United Kingdom
172872,551573,22726,,-5,03-05-2011 11:15,0.0,,United Kingdom
172873,551574,21692,,-6,03-05-2011 11:16,0.0,,United Kingdom
172874,551575,21412,,-6,03-05-2011 11:16,0.0,,United Kingdom
172876,551577,90100,,-5,03-05-2011 11:19,0.0,,United Kingdom
172877,551578,90037D,,-5,03-05-2011 11:19,0.0,,United Kingdom
172878,551579,85098B,,-5,03-05-2011 11:20,0.0,,United Kingdom
172879,551580,85084,,-5,03-05-2011 11:20,0.0,,United Kingdom
172880,551581,84873A,,5,03-05-2011 11:20,0.0,,United Kingdom
172881,551582,84857A,,-5,03-05-2011 11:21,0.0,,United Kingdom
172882,551583,84482,,-5,03-05-2011 11:21,0.0,,United Kingdom
172913,551586,21120,,-6,03-05-2011 11:24,0.0,,United Kingdom
172919,551589,21854,,-2,03-05-2011 11:30,0.0,,United Kingdom
173241,551663,84548,,-70,03-05-2011 12:34,0.0,,United Kingdom
173242,551664,20933,,-3,03-05-2011 12:34,0.0,,United Kingdom
173265,551666,84750A,,-10,03-05-2011 12:35,0.0,,United Kingdom
173266,551667,84539,,6,03-05-2011 12:36,0.0,,United Kingdom
173267,551668,22444,,-10,03-05-2011 12:37,0.0,,United Kingdom
173268,551669,21355,,90,03-05-2011 12:38,0.0,,United Kingdom
173269,551671,20734,,-10,03-05-2011 12:38,0.0,,United Kingdom
173271,551672,84631,,-4,03-05-2011 12:39,0.0,,United Kingdom
173272,551673,79192A,,-9,03-05-2011 12:39,0.0,,United Kingdom
173325,551689,22625,,-9,03-05-2011 13:35,0.0,,United Kingdom
173326,551690,21143,,-9,03-05-2011 13:35,0.0,,United Kingdom
173327,551691,18098C,,10,03-05-2011 13:36,0.0,,United Kingdom
173328,551692,84685,,14,03-05-2011 13:36,0.0,,United Kingdom
173351,551694,47589,,2,03-05-2011 13:36,0.0,,United Kingdom
173352,551695,22467,,-8,03-05-2011 13:37,0.0,,United Kingdom
173392,551700,85144,,-38,03-05-2011 14:13,0.0,,United Kingdom
173393,551701,84683,,-2,03-05-2011 14:15,0.0,,United Kingdom
173409,551704,22656,,-2,03-05-2011 14:33,0.0,,United Kingdom
173848,551722,20975,,-170,03-05-2011 16:50,0.0,,United Kingdom
173849,551723,22136,,-23,03-05-2011 16:51,0.0,,United Kingdom
174655,551838,35609A,,-51,04-05-2011 13:31,0.0,,United Kingdom
175253,551900,20778,,2,05-05-2011 10:45,0.0,,United Kingdom
175519,551964,20851,,1,05-05-2011 13:13,0.0,,United Kingdom
175520,551965,21429,,1,05-05-2011 13:13,0.0,,United Kingdom
177228,552050,84916,,-32,06-05-2011 10:08,0.0,,United Kingdom
177289,552052,84917,,-8,06-05-2011 10:10,0.0,,United Kingdom
177998,552214,84872A,,-12,06-05-2011 15:11,0.0,,United Kingdom
177999,552215,17096,,-41,06-05-2011 15:12,0.0,,United Kingdom
178000,552216,21363,,-19,06-05-2011 15:12,0.0,,United Kingdom
178012,552218,84406B,,-38,06-05-2011 15:15,0.0,,United Kingdom
178013,552219,22073,,-56,06-05-2011 15:16,0.0,,United Kingdom
178014,552220,22202,,1,06-05-2011 15:20,0.0,,United Kingdom
178015,552221,21043,,-38,06-05-2011 15:20,0.0,,United Kingdom
178016,552222,21974,,-45,06-05-2011 15:22,0.0,,United Kingdom
178017,552223,22524,,-49,06-05-2011 15:24,0.0,,United Kingdom
178018,552224,84766,,-37,06-05-2011 15:25,0.0,,United Kingdom
178019,552225,22775,,-40,06-05-2011 15:26,0.0,,United Kingdom
178020,552226,22035,,-160,06-05-2011 15:26,0.0,,United Kingdom
178021,552227,84596J,,70,06-05-2011 15:27,0.0,,United Kingdom
178022,552228,84912B,,-93,06-05-2011 15:29,0.0,,United Kingdom
182200,552527,20964,,2,09-05-2011 16:48,0.0,,United Kingdom
183217,552653,22926,,-48,10-05-2011 14:12,0.0,,United Kingdom
185149,552763,21137,,-25,11-05-2011 11:33,0.0,,United Kingdom
185167,552766,22084,,-56,11-05-2011 11:41,0.0,,United Kingdom
185168,552767,79164,,-47,11-05-2011 11:42,0.0,,United Kingdom
185169,552768,22087,,-26,11-05-2011 11:43,0.0,,United Kingdom
187583,552979,35970,,-217,12-05-2011 14:49,0.0,,United Kingdom
188515,553041,22521,,-9,13-05-2011 09:01,0.0,,United Kingdom
189766,553163,22726,,1,13-05-2011 16:10,0.0,,United Kingdom
191313,553349,22719,,1,16-05-2011 13:31,0.0,,United Kingdom
192294,553399,84789,,-2,16-05-2011 17:08,0.0,,United Kingdom
192296,553401,22060,,-16,16-05-2011 17:10,0.0,,United Kingdom
192434,553413,21259,,-51,17-05-2011 09:45,0.0,,United Kingdom
192805,553480,21143,,24,17-05-2011 11:51,0.0,,United Kingdom
193997,553548,75131,,-48,17-05-2011 15:57,0.0,,United Kingdom
194509,553651,46126A,,-23,18-05-2011 11:06,0.0,,United Kingdom
194510,553652,20826,,-168,18-05-2011 11:06,0.0,,United Kingdom
194638,553659,20967,,-77,18-05-2011 11:47,0.0,,United Kingdom
195080,553688,22078,,4,18-05-2011 14:05,0.0,,United Kingdom
195337,553716,37444A,,3,18-05-2011 16:07,0.0,,United Kingdom
195338,553717,22087,,2,18-05-2011 16:07,0.0,,United Kingdom
195613,553728,21324,,2,18-05-2011 17:17,0.0,,United Kingdom
195614,553729,82599,,2,18-05-2011 17:17,0.0,,United Kingdom
195793,553743,21318,,-62,19-05-2011 09:44,0.0,,United Kingdom
195794,553744,85141,,-7,19-05-2011 09:44,0.0,,United Kingdom
195795,553745,84760S,,2,19-05-2011 09:46,0.0,,United Kingdom
195796,553746,84990,,1,19-05-2011 09:46,0.0,,United Kingdom
196120,553769,23444,,200,19-05-2011 10:48,0.0,,United Kingdom
198214,554017,22520,,-101,20-05-2011 13:15,0.0,,United Kingdom
198242,554020,22518,,-30,20-05-2011 13:17,0.0,,United Kingdom
198243,554021,20886,,-65,20-05-2011 13:18,0.0,,United Kingdom
198244,554022,20886,,10,20-05-2011 13:19,0.0,,United Kingdom
198245,554023,82613B,,-71,20-05-2011 13:20,0.0,,United Kingdom
198246,554024,20998,,-11,20-05-2011 13:21,0.0,,United Kingdom
200446,554133,84596J,,-3,23-05-2011 09:46,0.0,,United Kingdom
200564,554145,84313C,,-12,23-05-2011 10:43,0.0,,United Kingdom
200594,554148,20966,,1,23-05-2011 10:53,0.0,,United Kingdom
200595,554149,85185D,,1,23-05-2011 10:53,0.0,,United Kingdom
201076,554267,84313C,,6,23-05-2011 12:56,0.0,,United Kingdom
201252,554276,22966,,-58,23-05-2011 13:19,0.0,,United Kingdom
201551,554299,20975,,-39,23-05-2011 14:28,0.0,,United Kingdom
201738,554311,84743C,,-16,23-05-2011 15:28,0.0,,United Kingdom
201739,554312,84741C,,-2,23-05-2011 15:28,0.0,,United Kingdom
201740,554313,21144,,-63,23-05-2011 15:28,0.0,,United Kingdom
201741,554314,85195,,-13,23-05-2011 15:29,0.0,,United Kingdom
201752,554316,21195,,-1,23-05-2011 15:29,0.0,,United Kingdom
201753,554317,85198,,-11,23-05-2011 15:29,0.0,,United Kingdom
201754,554318,84535A,,-65,23-05-2011 15:30,0.0,,United Kingdom
201755,554319,47574B,,-13,23-05-2011 15:31,0.0,,United Kingdom
201756,554320,16053,,-102,23-05-2011 15:32,0.0,,United Kingdom
201757,554321,16244B,,-5,23-05-2011 15:32,0.0,,United Kingdom
201841,554328,21609,,-46,23-05-2011 16:49,0.0,,United Kingdom
202022,554352,22720,,4,24-05-2011 08:57,0.0,,United Kingdom
202089,554360,22524,,-13,24-05-2011 09:59,0.0,,United Kingdom
202328,554377,79164,,47,24-05-2011 11:34,0.0,,United Kingdom
202329,554378,20975,,3,24-05-2011 11:35,0.0,,United Kingdom
202599,554488,84913A,,-75,24-05-2011 13:35,0.0,,United Kingdom
203839,554559,16151A,,-2,25-05-2011 10:28,0.0,,United Kingdom
204012,554627,84746,,67,25-05-2011 11:26,0.0,,United Kingdom
204116,554634,85214,,64,25-05-2011 11:44,0.0,,United Kingdom
204590,554673,35653,,24,25-05-2011 16:01,0.0,,United Kingdom
204598,554675,20903,,-33,25-05-2011 16:01,0.0,,United Kingdom
204599,554676,71143,,-31,25-05-2011 16:03,0.0,,United Kingdom
204600,554677,20664,,9,25-05-2011 16:03,0.0,,United Kingdom
204601,554678,85086A,,-30,25-05-2011 16:03,0.0,,United Kingdom
204602,554679,35916A,,-21,25-05-2011 16:04,0.0,,United Kingdom
204603,554680,35916B,,-21,25-05-2011 16:04,0.0,,United Kingdom
204604,554681,35916C,,-32,25-05-2011 16:04,0.0,,United Kingdom
204945,554696,85016,,5,25-05-2011 17:14,0.0,,United Kingdom
205712,554828,16049,,74,26-05-2011 15:21,0.0,,United Kingdom
205713,554829,20801,,6,26-05-2011 15:22,0.0,,United Kingdom
205714,554830,21904,,3,26-05-2011 15:22,0.0,,United Kingdom
205715,554831,84906,,2,26-05-2011 15:22,0.0,,United Kingdom
205991,554857,POST,,800,27-05-2011 10:08,0.0,,United Kingdom
206179,554907,40003,,-11,27-05-2011 11:45,0.0,,United Kingdom
206311,554928,21763,,-3,27-05-2011 13:03,0.0,,United Kingdom
206999,554962,84691,,2,27-05-2011 15:24,0.0,,United Kingdom
210964,555335,84804B,,-96,02-06-2011 11:13,0.0,,United Kingdom
211571,555387,22276,,-59,02-06-2011 15:30,0.0,,United Kingdom
211592,555390,22501,,50,02-06-2011 16:29,0.0,,United Kingdom
211593,555391,22501,,-10,02-06-2011 16:29,0.0,,United Kingdom
211997,555402,22501,,10,02-06-2011 17:55,0.0,,United Kingdom
212266,555469,84917,,1,03-06-2011 11:11,0.0,,United Kingdom
216129,555821,21399,,-116,07-06-2011 12:01,0.0,,United Kingdom
216130,555822,35809A,,-13,07-06-2011 12:04,0.0,,United Kingdom
216131,555823,47021G,,-52,07-06-2011 12:06,0.0,,United Kingdom
216132,555824,21043,,-12,07-06-2011 12:06,0.0,,United Kingdom
216276,555838,22966,,-6,07-06-2011 12:37,0.0,,United Kingdom
218100,556012,15044B,,-27,08-06-2011 11:45,0.0,,United Kingdom
218102,556013,21662,,-17,08-06-2011 11:46,0.0,,United Kingdom
218103,556014,37476,,-3,08-06-2011 11:46,0.0,,United Kingdom
218104,556015,37501,,-13,08-06-2011 11:50,0.0,,United Kingdom
218699,556061,20906,,-21,08-06-2011 14:04,0.0,,United Kingdom
218794,556069,84226,,-34,08-06-2011 14:41,0.0,,United Kingdom
218874,556074,22519,,-19,08-06-2011 15:14,0.0,,United Kingdom
220143,556124,17007B,,-4,09-06-2011 10:14,0.0,,United Kingdom
220285,556180,22502,,40,09-06-2011 11:29,0.0,,United Kingdom
220571,556200,84796B,,17,09-06-2011 12:42,0.0,,United Kingdom
221876,556286,16052,,-16,10-06-2011 09:22,0.0,,United Kingdom
221877,556287,16043,,-45,10-06-2011 09:22,0.0,,United Kingdom
221896,556289,20823,,-102,10-06-2011 09:23,0.0,,United Kingdom
221919,556291,79164,,2,10-06-2011 09:24,0.0,,United Kingdom
221920,556292,21472,,-1,10-06-2011 09:24,0.0,,United Kingdom
221960,556300,20735,,-472,10-06-2011 10:18,0.0,,United Kingdom
222060,556326,20731,,10,10-06-2011 11:21,0.0,,United Kingdom
222062,556328,21027,,47,10-06-2011 11:23,0.0,,United Kingdom
222347,556418,47021G,,288,10-06-2011 12:26,0.0,,United Kingdom
222505,556430,22968,,19,10-06-2011 13:24,0.0,,United Kingdom
222615,556438,37479B,,8,10-06-2011 14:36,0.0,,United Kingdom
227588,556884,22698,,-61,15-06-2011 12:27,0.0,,United Kingdom
228606,556933,22783,,2,15-06-2011 15:42,0.0,,United Kingdom
228607,556934,37479B,,1,15-06-2011 15:43,0.0,,United Kingdom
228733,556943,84809A,,-126,15-06-2011 16:54,0.0,,United Kingdom
228734,556944,84800L,,-29,15-06-2011 16:54,0.0,,United Kingdom
228735,556945,21614,,3,15-06-2011 16:55,0.0,,United Kingdom
228736,556946,37444A,,2,15-06-2011 16:55,0.0,,United Kingdom
228737,556947,22444,,1,15-06-2011 16:55,0.0,,United Kingdom
228738,556948,90104,,1,15-06-2011 16:56,0.0,,United Kingdom
228739,556949,85185D,,1,15-06-2011 16:56,0.0,,United Kingdom
228740,556950,84548,,1,15-06-2011 16:56,0.0,,United Kingdom
228741,556951,20975,,2,15-06-2011 16:57,0.0,,United Kingdom
228742,556952,21784,,1,15-06-2011 16:57,0.0,,United Kingdom
228878,556962,35965,,12,16-06-2011 09:40,0.0,,United Kingdom
229287,557025,22192,,-9,16-06-2011 13:09,0.0,,United Kingdom
229333,557028,79071B,,-4,16-06-2011 13:25,0.0,,United Kingdom
229334,557029,22480,,-24,16-06-2011 13:29,0.0,,United Kingdom
229335,557030,21446,,-50,16-06-2011 13:30,0.0,,United Kingdom
229336,557031,21447,,-65,16-06-2011 13:31,0.0,,United Kingdom
230349,557137,85141,,3,17-06-2011 09:32,0.0,,United Kingdom
230350,557138,21095,,2,17-06-2011 09:33,0.0,,United Kingdom
230351,557139,35965,,2,17-06-2011 09:34,0.0,,United Kingdom
233032,557412,35965,,5,20-06-2011 11:38,0.0,,United Kingdom
233053,557415,21937,,12,20-06-2011 11:48,0.0,,United Kingdom
233769,557486,22084,,44,20-06-2011 14:42,0.0,,United Kingdom
233802,557491,85213,,66,20-06-2011 15:08,0.0,,United Kingdom
234868,557613,21841,,80,21-06-2011 13:12,0.0,,United Kingdom
236413,557756,22567,,-14,22-06-2011 13:18,0.0,,United Kingdom
236762,557777,44265,,-5,22-06-2011 15:11,0.0,,United Kingdom
236763,557778,21161,,-38,22-06-2011 15:11,0.0,,United Kingdom
237200,557806,84706D,,-5,23-06-2011 10:32,0.0,,United Kingdom
237249,557847,84387A,,11,23-06-2011 10:49,0.0,,United Kingdom
237286,557851,85130A,,-23,23-06-2011 10:57,0.0,,United Kingdom
239229,558032,22443,,-7,24-06-2011 12:14,0.0,,United Kingdom
239230,558033,84876B,,-59,24-06-2011 12:15,0.0,,United Kingdom
239231,558034,20658,,-78,24-06-2011 12:17,0.0,,United Kingdom
241679,558238,22722,,-21,27-06-2011 15:04,0.0,,United Kingdom
241839,558244,84796B,,-2,27-06-2011 15:52,0.0,,United Kingdom
242055,558305,21027,,7,28-06-2011 10:59,0.0,,United Kingdom
242057,558307,22088,,-39,28-06-2011 11:02,0.0,,United Kingdom
242058,558308,84576,,-10,28-06-2011 11:02,0.0,,United Kingdom
242059,558309,85132B,,-42,28-06-2011 11:03,0.0,,United Kingdom
242190,558318,85232A,,-14,28-06-2011 11:52,0.0,,United Kingdom
242437,558342,20731,,1,28-06-2011 14:36,0.0,,United Kingdom
242438,558343,84709B,,6,28-06-2011 14:44,0.0,,United Kingdom
242439,558344,47013C,,4,28-06-2011 14:44,0.0,,United Kingdom
242440,558345,21784,,6,28-06-2011 14:45,0.0,,United Kingdom
242441,558346,35965,,3,28-06-2011 14:45,0.0,,United Kingdom
242904,558377,37423,,-17,28-06-2011 16:24,0.0,,United Kingdom
242905,558378,79161A,,-13,28-06-2011 16:27,0.0,,United Kingdom
243332,558445,22034,,-18,29-06-2011 13:39,0.0,,United Kingdom
243333,558446,22164,,-80,29-06-2011 13:40,0.0,,United Kingdom
243342,558448,22163,,-90,29-06-2011 13:40,0.0,,United Kingdom
243343,558449,21807,,-35,29-06-2011 13:40,0.0,,United Kingdom
243344,558450,21145,,40,29-06-2011 13:41,0.0,,United Kingdom
243345,558451,21817,,-80,29-06-2011 13:41,0.0,,United Kingdom
243523,558464,35966,,-20,29-06-2011 15:17,0.0,,United Kingdom
244261,558477,84597C,,-1,29-06-2011 16:04,0.0,,United Kingdom
244398,558520,21896,,-38,30-06-2011 10:25,0.0,,United Kingdom
246042,558663,23574,,100,01-07-2011 10:44,0.0,,United Kingdom
246773,558724,35966,,14,01-07-2011 14:30,0.0,,United Kingdom
246782,558728,20826,,-1,01-07-2011 14:50,0.0,,United Kingdom
246853,558732,47341A,,-1,01-07-2011 14:55,0.0,,United Kingdom
246901,558741,37444C,,-1,01-07-2011 15:52,0.0,,United Kingdom
246902,558742,62043B,,-1,01-07-2011 15:56,0.0,,United Kingdom
246903,558743,35810B,,-4,01-07-2011 15:56,0.0,,United Kingdom
249243,558889,84857B,,24,04-07-2011 15:32,0.0,,United Kingdom
249244,558890,84857C,,-24,04-07-2011 15:34,0.0,,United Kingdom
249783,558913,84548,,11,05-07-2011 09:32,0.0,,United Kingdom
249784,558914,84686,,11,05-07-2011 09:32,0.0,,United Kingdom
249785,558915,20716,,4,05-07-2011 09:33,0.0,,United Kingdom
250532,559037,82583,,10,05-07-2011 15:29,0.0,,United Kingdom
252961,559147,84944,,147,06-07-2011 14:32,0.0,,United Kingdom
255772,559365,22451,,-3,08-07-2011 08:53,0.0,,United Kingdom
255899,559373,16156S,,-110,08-07-2011 10:36,0.0,,United Kingdom
255900,559374,22050,,-100,08-07-2011 10:37,0.0,,United Kingdom
255902,559376,48116,,-35,08-07-2011 10:38,0.0,,United Kingdom
255903,559377,23283,,17,08-07-2011 10:39,0.0,,United Kingdom
255905,559379,79337,,-8,08-07-2011 10:42,0.0,,United Kingdom
255906,559390,21700,,-110,08-07-2011 10:46,0.0,,United Kingdom
255907,559398,21169,,-70,08-07-2011 10:48,0.0,,United Kingdom
255935,559402,21635,,-8,08-07-2011 10:49,0.0,,United Kingdom
255936,559405,22863,,-7,08-07-2011 10:50,0.0,,United Kingdom
255937,559410,84341B,,-179,08-07-2011 10:51,0.0,,United Kingdom
255938,559414,22855,,-4,08-07-2011 10:52,0.0,,United Kingdom
256025,559423,71143,,-14,08-07-2011 12:06,0.0,,United Kingdom
256648,559503,21763,,1,08-07-2011 15:06,0.0,,United Kingdom
258273,559602,84686,,23,11-07-2011 11:26,0.0,,United Kingdom
258274,559603,79337,,1,11-07-2011 11:27,0.0,,United Kingdom
258275,559604,22084,,3,11-07-2011 11:27,0.0,,United Kingdom
259969,559792,21067,,-66,12-07-2011 12:31,0.0,,United Kingdom
261321,559825,21067,,23,12-07-2011 17:41,0.0,,United Kingdom
263189,559946,21578,,200,14-07-2011 10:26,0.0,,United Kingdom
263870,560037,22242,,-34,14-07-2011 14:00,0.0,,United Kingdom
264421,560091,44236,,-10,14-07-2011 17:03,0.0,,United Kingdom
264704,560110,21673,,-40,15-07-2011 09:51,0.0,,United Kingdom
264705,560111,84874B,,-3,15-07-2011 09:52,0.0,,United Kingdom
264706,560112,21683,,-38,15-07-2011 09:52,0.0,,United Kingdom
264707,560113,21865,,-40,15-07-2011 09:52,0.0,,United Kingdom
264708,560114,75172,,-35,15-07-2011 09:53,0.0,,United Kingdom
264740,560116,22084,,15,15-07-2011 10:09,0.0,,United Kingdom
265293,560213,10123C,,-18,15-07-2011 15:05,0.0,,United Kingdom
265294,560214,16162L,,-54,15-07-2011 15:07,0.0,,United Kingdom
265295,560215,16162M,,-84,15-07-2011 15:08,0.0,,United Kingdom
265296,560216,16162L,,30,15-07-2011 15:11,0.0,,United Kingdom
268139,560388,21635,,1,18-07-2011 13:12,0.0,,United Kingdom
268140,560389,37444A,,1,18-07-2011 13:13,0.0,,United Kingdom
268299,560399,82583,,17,18-07-2011 14:18,0.0,,United Kingdom
268300,560400,21069,,6,18-07-2011 14:19,0.0,,United Kingdom
268301,560401,84925F,,15,18-07-2011 14:19,0.0,,United Kingdom
268302,560402,21067,,2,18-07-2011 14:19,0.0,,United Kingdom
268303,560403,21272,,17,18-07-2011 14:19,0.0,,United Kingdom
268304,560404,21472,,1,18-07-2011 14:20,0.0,,United Kingdom
268305,560405,22080,,1,18-07-2011 14:20,0.0,,United Kingdom
268306,560406,22088,,1,18-07-2011 14:21,0.0,,United Kingdom
268307,560407,35653,,9,18-07-2011 14:21,0.0,,United Kingdom
268450,560423,16169K,,-25,18-07-2011 15:15,0.0,,United Kingdom
268451,560424,21503,,-84,18-07-2011 15:15,0.0,,United Kingdom
268452,560425,81950B,,-23,18-07-2011 15:15,0.0,,United Kingdom
268473,560427,84629,,-2,18-07-2011 15:16,0.0,,United Kingdom
268474,560428,21634,,-169,18-07-2011 15:17,0.0,,United Kingdom
268475,560429,85086A,,6,18-07-2011 15:17,0.0,,United Kingdom
269195,560440,84029E,,-1,18-07-2011 16:36,0.0,,United Kingdom
270602,560578,22034,,12,19-07-2011 15:12,0.0,,United Kingdom
270742,560583,17096,,-7,19-07-2011 15:31,0.0,,United Kingdom
270886,560600,18007,,-2834,19-07-2011 17:04,0.0,,United Kingdom
271818,560719,84877A,,-21,20-07-2011 13:30,0.0,,United Kingdom
271822,560722,16049,,-31,20-07-2011 13:37,0.0,,United Kingdom
272078,560730,84797B,,-2,20-07-2011 14:53,0.0,,United Kingdom
272157,560737,84798B,,-109,20-07-2011 15:34,0.0,,United Kingdom
273296,560819,21686,,2,21-07-2011 10:53,0.0,,United Kingdom
273442,560830,81953B,,-6,21-07-2011 12:03,0.0,,United Kingdom
273443,560831,81950V,,-1,21-07-2011 12:04,0.0,,United Kingdom
273747,560857,35819P,,108,21-07-2011 13:21,0.0,,United Kingdom
273911,560867,21891,,-21,21-07-2011 14:10,0.0,,United Kingdom
274178,560889,84789,,1,21-07-2011 16:42,0.0,,United Kingdom
274179,560890,84402B,,1,21-07-2011 16:43,0.0,,United Kingdom
274544,560923,22777,,-14,22-07-2011 08:54,0.0,,United Kingdom
275219,560939,84907,,-3,22-07-2011 11:20,0.0,,United Kingdom
275220,560940,72127,,-53,22-07-2011 11:20,0.0,,United Kingdom
275221,560941,85230E,,-178,22-07-2011 11:21,0.0,,United Kingdom
275365,560986,23084,,24,22-07-2011 13:03,0.0,,United Kingdom
277041,561086,15036,,-530,25-07-2011 09:32,0.0,,United Kingdom
277389,561107,84763,,-5,25-07-2011 11:42,0.0,,United Kingdom
277390,561108,46775D,,-7,25-07-2011 11:43,0.0,,United Kingdom
277394,561110,85087,,-16,25-07-2011 11:44,0.0,,United Kingdom
279252,561250,DCGS0071,,-2,26-07-2011 11:51,0.0,,United Kingdom
279253,561251,DCGS0070,,-8,26-07-2011 11:51,0.0,,United Kingdom
279257,561255,DCGS0066P,,-3,26-07-2011 11:52,0.0,,United Kingdom
279310,561271,10080,,170,26-07-2011 12:18,0.0,,United Kingdom
279318,561282,21868,,13,26-07-2011 12:24,0.0,,United Kingdom
279446,561323,81952B,,11,26-07-2011 13:03,0.0,,United Kingdom
279511,561327,85213,,36,26-07-2011 13:54,0.0,,United Kingdom
279637,561354,21792,,-8,26-07-2011 14:50,0.0,,United Kingdom
279708,561361,21294,,100,26-07-2011 15:40,0.0,,United Kingdom
279709,561362,84415A,,-11,26-07-2011 15:41,0.0,,United Kingdom
279752,561364,84415B,,-4,26-07-2011 15:42,0.0,,United Kingdom
279753,561365,84595E,,10,26-07-2011 15:44,0.0,,United Kingdom
280323,561392,79161A,,15,27-07-2011 10:09,0.0,,United Kingdom
280652,561475,84584,,-3,27-07-2011 13:29,0.0,,United Kingdom
280653,561476,21839,,-36,27-07-2011 13:29,0.0,,United Kingdom
280654,561477,40046A,,20,27-07-2011 13:30,0.0,,United Kingdom
280655,561478,20954,,-2,27-07-2011 13:32,0.0,,United Kingdom
280656,561479,21594,,-1,27-07-2011 13:32,0.0,,United Kingdom
280657,561480,21858,,-12,27-07-2011 13:32,0.0,,United Kingdom
280658,561481,20684,,-27,27-07-2011 13:38,0.0,,United Kingdom
280659,561482,21432,,-2,27-07-2011 13:39,0.0,,United Kingdom
280660,561483,77079,,4,27-07-2011 13:40,0.0,,United Kingdom
280661,561484,77081,,-39,27-07-2011 13:41,0.0,,United Kingdom
280720,561486,21765,,-2,27-07-2011 13:48,0.0,,United Kingdom
280721,561487,22168,,-1,27-07-2011 13:51,0.0,,United Kingdom
280745,561489,84905,,-2,27-07-2011 13:52,0.0,,United Kingdom
280746,561490,21275,,3,27-07-2011 13:54,0.0,,United Kingdom
280747,561491,21781,,-2,27-07-2011 13:56,0.0,,United Kingdom
280748,561492,22528,,-1,27-07-2011 13:57,0.0,,United Kingdom
280749,561493,84761,,-11,27-07-2011 13:59,0.0,,United Kingdom
280750,561494,18097A,,-23,27-07-2011 14:04,0.0,,United Kingdom
280751,561495,79336,,36,27-07-2011 14:06,0.0,,United Kingdom
280752,561496,17090D,,-10,27-07-2011 14:08,0.0,,United Kingdom
280753,561497,21609,,38,27-07-2011 14:09,0.0,,United Kingdom
280754,561498,21610,,-14,27-07-2011 14:10,0.0,,United Kingdom
280755,561499,72709,,52,27-07-2011 14:11,0.0,,United Kingdom
280756,561500,85040B,,-1,27-07-2011 14:12,0.0,,United Kingdom
280757,561501,21278,,-1,27-07-2011 14:13,0.0,,United Kingdom
280820,561503,22194,,-4,27-07-2011 14:14,0.0,,United Kingdom
280821,561504,21361,,-7,27-07-2011 14:15,0.0,,United Kingdom
280822,561505,84925D,,-12,27-07-2011 14:16,0.0,,United Kingdom
280823,561506,72051S,,-1,27-07-2011 14:18,0.0,,United Kingdom
281449,561523,20973,,-45,27-07-2011 17:38,0.0,,United Kingdom
281450,561524,16020C,,-2,27-07-2011 17:39,0.0,,United Kingdom
281451,561525,84466,,-1,27-07-2011 17:40,0.0,,United Kingdom
281452,561526,21051,,-2,27-07-2011 17:40,0.0,,United Kingdom
281453,561527,20666,,-5,27-07-2011 17:40,0.0,,United Kingdom
281551,561536,84927E,,-2,28-07-2011 09:58,0.0,,United Kingdom
281569,561538,84927D,,-1,28-07-2011 09:58,0.0,,United Kingdom
281570,561539,79026B,,-1,28-07-2011 10:08,0.0,,United Kingdom
281571,561540,84279B,,-1,28-07-2011 10:08,0.0,,United Kingdom
281572,561541,21658,,-1,28-07-2011 10:09,0.0,,United Kingdom
281592,561543,22202,,-1,28-07-2011 10:10,0.0,,United Kingdom
281614,561553,21392,,-29,28-07-2011 10:20,0.0,,United Kingdom
281615,561555,37477B,,-11,28-07-2011 10:21,0.0,,United Kingdom
281616,561557,37477C,,-31,28-07-2011 10:21,0.0,,United Kingdom
281617,561565,35965,,18,28-07-2011 10:23,0.0,,United Kingdom
281887,561609,47589,,-1,28-07-2011 12:24,0.0,,United Kingdom
282290,561639,84799,,-346,28-07-2011 14:58,0.0,,United Kingdom
282291,561640,84802B,,-125,28-07-2011 14:58,0.0,,United Kingdom
282651,561652,84847,,2,28-07-2011 15:50,0.0,,United Kingdom
282819,561660,22502,,1,28-07-2011 16:18,0.0,,United Kingdom
282883,561666,22502,,30,28-07-2011 16:59,0.0,,United Kingdom
282904,561668,44091A,,-2,28-07-2011 17:03,0.0,,United Kingdom
282935,561673,23134,,107,28-07-2011 17:20,0.0,,United Kingdom
282936,561674,21445,,1,28-07-2011 17:20,0.0,,United Kingdom
283806,561805,23284,,-15,29-07-2011 14:42,0.0,,United Kingdom
283864,561812,84944,,8,29-07-2011 15:25,0.0,,United Kingdom
285724,561918,85127,,-6,01-08-2011 12:05,0.0,,United Kingdom
285725,561919,85017B,,-188,01-08-2011 12:08,0.0,,United Kingdom
285727,561921,22044,,-240,01-08-2011 12:11,0.0,,United Kingdom
285790,561924,22042,,-197,01-08-2011 12:27,0.0,,United Kingdom
288156,562134,22722,,1,03-08-2011 09:50,0.0,,United Kingdom
288157,562135,84847,,1,03-08-2011 09:50,0.0,,United Kingdom
288872,562212,21187,,-97,03-08-2011 13:28,0.0,,United Kingdom
288968,562215,21147,,100,03-08-2011 13:45,0.0,,United Kingdom
289690,562279,21391,,-26,04-08-2011 10:28,0.0,,United Kingdom
290581,562384,23175,,-44,04-08-2011 15:41,0.0,,United Kingdom
290582,562385,47559B,,-84,04-08-2011 15:42,0.0,,United Kingdom
290583,562386,84596L,,-21,04-08-2011 15:43,0.0,,United Kingdom
290639,562390,21246,,-92,04-08-2011 16:00,0.0,,United Kingdom
290640,562391,22854,,-40,04-08-2011 16:02,0.0,,United Kingdom
291606,562463,85152,,-6,05-08-2011 11:30,0.0,,United Kingdom
291607,562464,20701,,-24,05-08-2011 11:31,0.0,,United Kingdom
292266,562544,84920,,-9,05-08-2011 15:46,0.0,,United Kingdom
292270,562547,21918,,-343,05-08-2011 15:49,0.0,,United Kingdom
292271,562548,23084,,-84,05-08-2011 16:00,0.0,,United Kingdom
293905,562653,21359,,-30,08-08-2011 13:35,0.0,,United Kingdom
294421,562714,22501,,64,08-08-2011 15:23,0.0,,United Kingdom
295405,562785,21033,,-455,09-08-2011 13:32,0.0,,United Kingdom
296208,562855,84800M,,-124,10-08-2011 10:16,0.0,,United Kingdom
297437,562945,79000,,425,11-08-2011 09:35,0.0,,United Kingdom
299513,563101,22084,,1,12-08-2011 10:07,0.0,,United Kingdom
299514,563102,21359,,1,12-08-2011 10:07,0.0,,United Kingdom
299544,563105,22194,,2,12-08-2011 10:15,0.0,,United Kingdom
299545,563106,21658,,3,12-08-2011 10:15,0.0,,United Kingdom
299550,563108,21033,,37,12-08-2011 10:18,0.0,,United Kingdom
299644,563148,21033,,-37,12-08-2011 11:35,0.0,,United Kingdom
301165,563244,22740,,-36,15-08-2011 10:49,0.0,,United Kingdom
301887,563359,23084,,20,15-08-2011 14:56,0.0,,United Kingdom
302792,563445,85049D,,1,16-08-2011 14:18,0.0,,United Kingdom
302794,563447,21033,,50,16-08-2011 14:25,0.0,,United Kingdom
302822,563449,85152,,2,16-08-2011 14:28,0.0,,United Kingdom
302845,563452,21033,,12,16-08-2011 14:34,0.0,,United Kingdom
304304,563568,20774,,12,17-08-2011 14:45,0.0,,United Kingdom
305195,563650,79163,,-156,18-08-2011 10:43,0.0,,United Kingdom
305196,563652,22461,,-36,18-08-2011 10:43,0.0,,United Kingdom
305607,563700,85106,,-553,18-08-2011 13:55,0.0,,United Kingdom
305608,563701,85106,,20,18-08-2011 13:55,0.0,,United Kingdom
305609,563702,85107,,65,18-08-2011 13:55,0.0,,United Kingdom
305626,563704,37342,,-66,18-08-2011 14:03,0.0,,United Kingdom
305830,563715,90120D,,-18,18-08-2011 16:08,0.0,,United Kingdom
310907,564220,20684,,1,24-08-2011 09:34,0.0,,United Kingdom
313701,564533,23348,,100,25-08-2011 15:09,0.0,,United Kingdom
314369,564633,23084,,400,26-08-2011 12:14,0.0,,United Kingdom
314574,564644,82583,,5,26-08-2011 13:35,0.0,,United Kingdom
314906,564667,23084,,-400,26-08-2011 15:08,0.0,,United Kingdom
317500,564761,gift_0001_30,,30,30-08-2011 10:48,0.0,,United Kingdom
317501,564762,gift_0001_10,,30,30-08-2011 10:48,0.0,,United Kingdom
319896,564915,21673,,26,31-08-2011 12:41,0.0,,United Kingdom
319897,564916,22157,,31,31-08-2011 12:42,0.0,,United Kingdom
319898,564917,79000,,245,31-08-2011 12:42,0.0,,United Kingdom
319899,564918,16046,,21,31-08-2011 12:42,0.0,,United Kingdom
319900,564919,23284,,8,31-08-2011 12:43,0.0,,United Kingdom
319901,564920,48116,,8,31-08-2011 12:43,0.0,,United Kingdom
319902,564921,85214,,6,31-08-2011 12:43,0.0,,United Kingdom
319903,564922,22084,,5,31-08-2011 12:43,0.0,,United Kingdom
319904,564923,21868,,2,31-08-2011 12:44,0.0,,United Kingdom
319905,564924,21272,,1,31-08-2011 12:44,0.0,,United Kingdom
319906,564925,21662,,1,31-08-2011 12:45,0.0,,United Kingdom
319907,564926,22968,,9,31-08-2011 12:45,0.0,,United Kingdom
319908,564927,23175,,2,31-08-2011 12:45,0.0,,United Kingdom
319909,564928,35966,,1,31-08-2011 12:46,0.0,,United Kingdom
319910,564929,37501,,1,31-08-2011 12:46,0.0,,United Kingdom
320576,565042,85185B,,-27,31-08-2011 17:01,0.0,,United Kingdom
320577,565043,22171,,8,31-08-2011 17:01,0.0,,United Kingdom
320585,565045,21670,,-115,31-08-2011 17:03,0.0,,United Kingdom
320586,565046,22606,,-49,31-08-2011 17:04,0.0,,United Kingdom
320587,565047,21257,,7,31-08-2011 17:04,0.0,,United Kingdom
320588,565048,84976,,-66,31-08-2011 17:06,0.0,,United Kingdom
320589,565049,21907,,-77,31-08-2011 17:09,0.0,,United Kingdom
320594,565052,21179,,-60,31-08-2011 17:11,0.0,,United Kingdom
320595,565055,21172,,-10,31-08-2011 17:11,0.0,,United Kingdom
320619,565057,82551,,-110,31-08-2011 17:12,0.0,,United Kingdom
320620,565060,21165,,-46,31-08-2011 17:15,0.0,,United Kingdom
320621,565063,21175,,-18,31-08-2011 17:15,0.0,,United Kingdom
320693,565069,20665,,-49,31-08-2011 17:18,0.0,,United Kingdom
320694,565070,85032D,,171,31-08-2011 17:18,0.0,,United Kingdom
320695,565071,84754,,-242,31-08-2011 17:21,0.0,,United Kingdom
320696,565072,21820,,-210,31-08-2011 17:22,0.0,,United Kingdom
320707,565081,21067,,1,01-09-2011 09:03,0.0,,United Kingdom
323241,565275,90209C,,-72,02-09-2011 11:08,0.0,,United Kingdom
323458,565304,16259,,-3167,02-09-2011 12:18,0.0,,United Kingdom
323493,565314,84660C,,-21,02-09-2011 12:43,0.0,,United Kingdom
323564,565319,23348,,225,02-09-2011 13:07,0.0,,United Kingdom
323870,565368,21784,,1,02-09-2011 14:59,0.0,,United Kingdom
323871,565369,37342,,1,02-09-2011 15:02,0.0,,United Kingdom
323875,565376,21682,,144,02-09-2011 15:10,0.0,,United Kingdom
324131,565389,47343A,,-16,02-09-2011 16:19,0.0,,United Kingdom
326549,565543,22502,,8,05-09-2011 12:07,0.0,,United Kingdom
326550,565544,84989A,,1,05-09-2011 12:09,0.0,,United Kingdom
326551,565545,20973,,1,05-09-2011 12:09,0.0,,United Kingdom
326552,565556,POST,,750,05-09-2011 12:14,0.0,,United Kingdom
328645,565797,47570B,,1,07-09-2011 10:15,0.0,,United Kingdom
328646,565798,85232D,,1,07-09-2011 10:15,0.0,,United Kingdom
331029,565938,23066,,-13,08-09-2011 10:54,0.0,,United Kingdom
332405,566065,84660C,,1,08-09-2011 16:14,0.0,,United Kingdom
332406,566066,15060B,,-52,08-09-2011 16:36,0.0,,United Kingdom
332407,566067,20686,,-95,08-09-2011 16:36,0.0,,United Kingdom
332408,566068,22268,,-86,08-09-2011 16:37,0.0,,United Kingdom
332823,566121,23306,,-682,09-09-2011 10:56,0.0,,United Kingdom
336309,566316,23306,,682,12-09-2011 10:07,0.0,,United Kingdom
336410,566323,22035,,1,12-09-2011 12:02,0.0,,United Kingdom
338022,566493,23284,,1,13-09-2011 10:52,0.0,,United Kingdom
339441,566593,22035,,18,13-09-2011 14:59,0.0,,United Kingdom
340225,566615,23084,,344,13-09-2011 17:30,0.0,,United Kingdom
340681,566710,16207B,,-4,14-09-2011 12:03,0.0,,United Kingdom
340682,566711,21578,,-31,14-09-2011 12:03,0.0,,United Kingdom
341595,566762,85232D,,143,14-09-2011 17:35,0.0,,United Kingdom
341596,566763,84708B,,-5,14-09-2011 17:48,0.0,,United Kingdom
341597,566764,23065,,-13,14-09-2011 17:49,0.0,,United Kingdom
341598,566765,22244,,-9,14-09-2011 17:50,0.0,,United Kingdom
341599,566766,21311,,-117,14-09-2011 17:51,0.0,,United Kingdom
341600,566767,20977,,-188,14-09-2011 17:52,0.0,,United Kingdom
341601,566768,16045,,-3667,14-09-2011 17:53,0.0,,United Kingdom
342995,566924,79163,,15,15-09-2011 15:17,0.0,,United Kingdom
343999,566977,48173C,,-54,16-09-2011 09:47,0.0,,United Kingdom
344381,567056,22050,,25,16-09-2011 11:39,0.0,,United Kingdom
344382,567057,84725,,-8,16-09-2011 11:39,0.0,,United Kingdom
344383,567058,22453,,-12,16-09-2011 11:40,0.0,,United Kingdom
344384,567059,22452,,-63,16-09-2011 11:41,0.0,,United Kingdom
344385,567060,22445,,-62,16-09-2011 11:41,0.0,,United Kingdom
344386,567061,84877B,,-27,16-09-2011 11:42,0.0,,United Kingdom
344435,567063,23135,,-27,16-09-2011 11:50,0.0,,United Kingdom
344436,567064,23135,,27,16-09-2011 11:51,0.0,,United Kingdom
345181,567151,35815P,,34,16-09-2011 15:51,0.0,,United Kingdom
346849,567207,35592T,,4,19-09-2011 11:01,0.0,,United Kingdom
346850,567208,35597D,,2,19-09-2011 11:01,0.0,,United Kingdom
347747,567335,35965,,6,19-09-2011 14:55,0.0,,United Kingdom
347758,567337,35965,,5,19-09-2011 14:56,0.0,,United Kingdom
347977,567363,23028,,-49,19-09-2011 16:58,0.0,,United Kingdom
347978,567364,22925,,-20,19-09-2011 16:58,0.0,,United Kingdom
347979,567366,21174,,-138,19-09-2011 16:59,0.0,,United Kingdom
347983,567367,17012A,,-86,19-09-2011 17:15,0.0,,United Kingdom
348029,567371,22084,,7,20-09-2011 09:24,0.0,,United Kingdom
350504,567645,21447,,-53,21-09-2011 14:27,0.0,,United Kingdom
352731,567680,23284,,4,21-09-2011 16:17,0.0,,United Kingdom
352828,567694,22665,,-24,21-09-2011 17:30,0.0,,United Kingdom
352829,567695,22688,,-42,21-09-2011 17:31,0.0,,United Kingdom
352830,567696,23091,,-15,21-09-2011 17:32,0.0,,United Kingdom
353039,567719,20980,,-7,22-09-2011 10:32,0.0,,United Kingdom
354119,567861,35597A,,-14,22-09-2011 14:01,0.0,,United Kingdom
354120,567862,35591T,,-4,22-09-2011 14:02,0.0,,United Kingdom
354121,567863,35598A,,8,22-09-2011 14:03,0.0,,United Kingdom
355422,567932,85213,,-12,22-09-2011 17:39,0.0,,United Kingdom
356448,568052,90209C,,-3,23-09-2011 12:42,0.0,,United Kingdom
356449,568053,90209C,,3,23-09-2011 12:44,0.0,,United Kingdom
357315,568079,85197,,-1,23-09-2011 14:35,0.0,,United Kingdom
357316,568080,44236,,-2,23-09-2011 14:35,0.0,,United Kingdom
357317,568081,84663A,,-9,23-09-2011 14:36,0.0,,United Kingdom
357356,568084,84927A,,-7,23-09-2011 14:38,0.0,,United Kingdom
357357,568085,84912A,,2,23-09-2011 14:39,0.0,,United Kingdom
357367,568087,85049D,,-8,23-09-2011 14:40,0.0,,United Kingdom
357368,568088,21641,,-49,23-09-2011 14:40,0.0,,United Kingdom
357369,568089,22245,,-37,23-09-2011 14:41,0.0,,United Kingdom
357370,568090,20793,,-5,23-09-2011 14:41,0.0,,United Kingdom
357371,568091,85211,,-3,23-09-2011 14:41,0.0,,United Kingdom
357372,568092,23134,,1,23-09-2011 14:42,0.0,,United Kingdom
357373,568093,20773,,-9,23-09-2011 14:42,0.0,,United Kingdom
357645,568102,35911A,,20,23-09-2011 15:34,0.0,,United Kingdom
360542,568233,21586,,-147,26-09-2011 11:37,0.0,,United Kingdom
361642,568365,84663A,,30,26-09-2011 15:45,0.0,,United Kingdom
361736,568371,22687,,-41,26-09-2011 16:48,0.0,,United Kingdom
361737,568372,90082D,,-19,26-09-2011 16:54,0.0,,United Kingdom
362041,568403,84905,,-3,27-09-2011 10:35,0.0,,United Kingdom
362042,568404,22497,,-17,27-09-2011 10:36,0.0,,United Kingdom
362043,568405,22893,,-42,27-09-2011 10:36,0.0,,United Kingdom
362044,568406,18094C,,-67,27-09-2011 10:37,0.0,,United Kingdom
362045,568407,84660A,,-8,27-09-2011 10:38,0.0,,United Kingdom
363132,568543,84920,,-21,27-09-2011 14:33,0.0,,United Kingdom
363133,568544,84921,,5,27-09-2011 14:33,0.0,,United Kingdom
363134,568545,22548,,-70,27-09-2011 14:34,0.0,,United Kingdom
363135,568546,22409,,-20,27-09-2011 14:35,0.0,,United Kingdom
363156,568548,21830,,240,27-09-2011 14:40,0.0,,United Kingdom
366478,568725,79000,,-209,28-09-2011 16:28,0.0,,United Kingdom
369672,569083,23084,,3,30-09-2011 11:56,0.0,,United Kingdom
369802,569102,21098,,-129,30-09-2011 12:25,0.0,,United Kingdom
369983,569121,21244,,-38,30-09-2011 13:03,0.0,,United Kingdom
370298,569135,21349,,5,30-09-2011 14:20,0.0,,United Kingdom
373677,569347,85086A,,-6,03-10-2011 14:38,0.0,,United Kingdom
374535,569375,22829,,3,03-10-2011 16:29,0.0,,United Kingdom
374536,569376,85106,,-9,03-10-2011 16:29,0.0,,United Kingdom
374537,569377,22784,,-14,03-10-2011 16:30,0.0,,United Kingdom
374538,569378,72799F,,-5,03-10-2011 16:31,0.0,,United Kingdom
374539,569379,16015,,-69,03-10-2011 16:33,0.0,,United Kingdom
374540,569380,21809,,-140,03-10-2011 16:40,0.0,,United Kingdom
374541,569381,84660A,,15,03-10-2011 16:44,0.0,,United Kingdom
374640,569391,84625C,,-32,03-10-2011 17:13,0.0,,United Kingdom
374641,569392,47504K,,-275,03-10-2011 17:15,0.0,,United Kingdom
374642,569393,23152,,-23,03-10-2011 17:15,0.0,,United Kingdom
374643,569394,21163,,-70,03-10-2011 17:16,0.0,,United Kingdom
375309,569458,20984,,58,04-10-2011 11:31,0.0,,United Kingdom
376201,569517,23084,,14,04-10-2011 14:14,0.0,,United Kingdom
376880,569540,21586,,96,04-10-2011 16:05,0.0,,United Kingdom
376881,569541,21587,,48,04-10-2011 16:06,0.0,,United Kingdom
378023,569578,23084,,5,05-10-2011 11:06,0.0,,United Kingdom
379232,569681,84944,,25,05-10-2011 14:31,0.0,,United Kingdom
380508,569817,21870,,-26,06-10-2011 12:09,0.0,,United Kingdom
381678,569877,90210C,,-10,06-10-2011 15:09,0.0,,United Kingdom
381682,569881,90014C,,-8,06-10-2011 15:14,0.0,,United Kingdom
381683,569882,90014B,,-1,06-10-2011 15:15,0.0,,United Kingdom
381685,569884,90164B,,-14,06-10-2011 15:16,0.0,,United Kingdom
381686,569885,90164A,,-15,06-10-2011 15:17,0.0,,United Kingdom
381842,569895,23348,,420,06-10-2011 15:55,0.0,,United Kingdom
382659,569924,22837,,9,06-10-2011 17:44,0.0,,United Kingdom
382660,569925,21067,,6,06-10-2011 17:45,0.0,,United Kingdom
382661,569926,35815P,,6,06-10-2011 17:45,0.0,,United Kingdom
382662,569927,22171,,9,06-10-2011 17:45,0.0,,United Kingdom
382663,569928,22062,,16,06-10-2011 17:49,0.0,,United Kingdom
382664,569929,22084,,2,06-10-2011 17:50,0.0,,United Kingdom
382665,569930,35914,,2,06-10-2011 17:50,0.0,,United Kingdom
382666,569931,37370,,18,06-10-2011 17:50,0.0,,United Kingdom
382678,569933,84849D,,101,06-10-2011 17:51,0.0,,United Kingdom
382679,569934,85049D,,1,06-10-2011 17:51,0.0,,United Kingdom
382680,569935,90209B,,1,06-10-2011 17:52,0.0,,United Kingdom
382689,569937,90209C,,1,06-10-2011 17:52,0.0,,United Kingdom
382778,569947,22062,,20,06-10-2011 18:20,0.0,,United Kingdom
383321,570013,21395,,-38,07-10-2011 09:55,0.0,,United Kingdom
383328,570015,21394,,42,07-10-2011 09:56,0.0,,United Kingdom
383650,570065,22688,,2,07-10-2011 11:07,0.0,,United Kingdom
384392,570120,22570,,6,07-10-2011 12:49,0.0,,United Kingdom
385468,570198,47504K,,72,07-10-2011 15:50,0.0,,United Kingdom
387137,570259,22336,,-114,10-10-2011 09:59,0.0,,United Kingdom
387138,570260,35933,,-34,10-10-2011 10:00,0.0,,United Kingdom
387139,570261,35933,,10,10-10-2011 10:00,0.0,,United Kingdom
387140,570262,35954,,-80,10-10-2011 10:00,0.0,,United Kingdom
387141,570263,23412,,2,10-10-2011 10:00,0.0,,United Kingdom
387142,570264,21288,,-22,10-10-2011 10:03,0.0,,United Kingdom
388712,570451,37467,,15,10-10-2011 15:15,0.0,,United Kingdom
390426,570518,23268,,4,11-10-2011 10:41,0.0,,United Kingdom
390427,570519,21244,,5,11-10-2011 10:42,0.0,,United Kingdom
390428,570520,23412,,2,11-10-2011 10:43,0.0,,United Kingdom
390976,570645,84247E,,24,11-10-2011 12:44,0.0,,United Kingdom
392672,570709,21098,,19,12-10-2011 10:13,0.0,,United Kingdom
392673,570710,21918,,10,12-10-2011 10:13,0.0,,United Kingdom
394096,570868,21311,,96,12-10-2011 16:18,0.0,,United Kingdom
394097,570869,79164,,36,12-10-2011 16:21,0.0,,United Kingdom
395149,571010,22848,,-16,13-10-2011 12:13,0.0,,United Kingdom
395150,571011,21078,,-207,13-10-2011 12:13,0.0,,United Kingdom
395151,571012,21402,,-147,13-10-2011 12:15,0.0,,United Kingdom
395152,571013,23306,,-104,13-10-2011 12:16,0.0,,United Kingdom
395154,571016,84596G,,288,13-10-2011 12:17,0.0,,United Kingdom
395172,571027,72816,,-36,13-10-2011 12:19,0.0,,United Kingdom
395564,571037,20669,,-25,13-10-2011 12:58,0.0,,United Kingdom
395786,571042,23306,,48,13-10-2011 13:04,0.0,,United Kingdom
397023,571113,21407,,-19,13-10-2011 17:37,0.0,,United Kingdom
397024,571114,23159,,-99,13-10-2011 17:40,0.0,,United Kingdom
397025,571115,82567,,-73,13-10-2011 17:40,0.0,,United Kingdom
397706,571198,21190,,48,14-10-2011 12:16,0.0,,United Kingdom
398622,571249,23084,,6,14-10-2011 16:25,0.0,,United Kingdom
401997,571460,46775D,,6,17-10-2011 14:06,0.0,,United Kingdom
404391,571674,23702,,100,18-10-2011 13:22,0.0,,United Kingdom
404759,571688,22149,,46,18-10-2011 14:24,0.0,,United Kingdom
404760,571689,85135B,,-27,18-10-2011 14:28,0.0,,United Kingdom
405967,571718,21801,,5,18-10-2011 17:29,0.0,,United Kingdom
405968,571719,22729,,7,18-10-2011 17:29,0.0,,United Kingdom
405969,571720,85211,,3,18-10-2011 17:29,0.0,,United Kingdom
405970,571721,21738,,2,18-10-2011 17:30,0.0,,United Kingdom
405971,571722,22062,,1,18-10-2011 17:30,0.0,,United Kingdom
405972,571723,85211,,-1,18-10-2011 17:30,0.0,,United Kingdom
406072,571731,21911,,1,19-10-2011 09:51,0.0,,United Kingdom
411896,572239,84247E,,1,21-10-2011 15:15,0.0,,United Kingdom
414124,572341,85036A,,-82,24-10-2011 10:36,0.0,,United Kingdom
415115,572514,20774,,-4,24-10-2011 14:36,0.0,,United Kingdom
415315,572533,84877D,,-1,24-10-2011 16:06,0.0,,United Kingdom
415316,572534,35597D,,-2,24-10-2011 16:07,0.0,,United Kingdom
415318,572536,21294,,-8,24-10-2011 16:08,0.0,,United Kingdom
415319,572537,37327,,2,24-10-2011 16:09,0.0,,United Kingdom
415320,572539,79030D,,13,24-10-2011 16:10,0.0,,United Kingdom
415540,572543,22570,,-32,24-10-2011 16:24,0.0,,United Kingdom
416901,572564,40016,,-108,25-10-2011 09:56,0.0,,United Kingdom
418096,572694,35810B,,12,25-10-2011 14:21,0.0,,United Kingdom
418127,572699,72818,,-48,25-10-2011 14:26,0.0,,United Kingdom
418128,572700,72818,,1,25-10-2011 14:26,0.0,,United Kingdom
418350,572716,22829,,2,25-10-2011 14:46,0.0,,United Kingdom
418524,572731,35914,,2,25-10-2011 15:20,0.0,,United Kingdom
419240,572759,37468,,-2,25-10-2011 18:45,0.0,,United Kingdom
420625,572898,22180,,-15,26-10-2011 14:50,0.0,,United Kingdom
422821,573120,72816,,-1,27-10-2011 16:21,0.0,,United Kingdom
424305,573256,85135A,,12,28-10-2011 12:19,0.0,,United Kingdom
425350,573317,21804,,-84,28-10-2011 18:09,0.0,,United Kingdom
425351,573318,84944,,-47,28-10-2011 18:11,0.0,,United Kingdom
428617,573488,23400,,1,31-10-2011 11:47,0.0,,United Kingdom
435062,574073,23579,,3,02-11-2011 15:15,0.0,,United Kingdom
436351,574101,22180,,1,03-11-2011 10:27,0.0,,United Kingdom
436422,574133,21071,,1,03-11-2011 11:00,0.0,,United Kingdom
436998,574257,72818,,-3,03-11-2011 13:46,0.0,,United Kingdom
440202,574516,22162,,-24,04-11-2011 13:38,0.0,,United Kingdom
440210,574518,21174,,63,04-11-2011 13:42,0.0,,United Kingdom
440212,574520,21181,,-6,04-11-2011 13:44,0.0,,United Kingdom
446550,574904,85017B,,11,07-11-2011 15:28,0.0,,United Kingdom
446551,574905,85017B,,-22,07-11-2011 15:28,0.0,,United Kingdom
452781,575386,20977,,-16,09-11-2011 15:22,0.0,,United Kingdom
453963,575503,35933,,-2,10-11-2011 10:19,0.0,,United Kingdom
453998,575505,POST,,800,10-11-2011 10:29,0.0,,United Kingdom
453999,575506,C2,,150,10-11-2011 10:30,0.0,,United Kingdom
454169,575513,35965,,7,10-11-2011 10:39,0.0,,United Kingdom
464522,576110,35965,,5,14-11-2011 10:33,0.0,,United Kingdom
464971,576192,22827,,4,14-11-2011 11:57,0.0,,United Kingdom
464972,576193,22827,,-8,14-11-2011 11:57,0.0,,United Kingdom
465889,576258,22812,,11,14-11-2011 14:17,0.0,,United Kingdom
465993,576299,21181,,16,14-11-2011 14:38,0.0,,United Kingdom
466074,576302,22812,,46,14-11-2011 14:41,0.0,,United Kingdom
466894,576336,21809,,16,14-11-2011 15:26,0.0,,United Kingdom
468231,576404,22687,,18,15-11-2011 11:09,0.0,,United Kingdom
468300,576415,17012B,,-2,15-11-2011 11:22,0.0,,United Kingdom
468304,576431,22688,,15,15-11-2011 11:26,0.0,,United Kingdom
468448,576473,21868,,-108,15-11-2011 11:40,0.0,,United Kingdom
468528,576509,21868,,144,15-11-2011 12:03,0.0,,United Kingdom
468590,576517,22121,,17,15-11-2011 12:25,0.0,,United Kingdom
468762,576547,21809,,56,15-11-2011 12:54,0.0,,United Kingdom
468999,576566,21830,,-186,15-11-2011 13:39,0.0,,United Kingdom
469027,576569,47504K,,-21,15-11-2011 13:45,0.0,,United Kingdom
469109,576578,22412,,-37,15-11-2011 14:05,0.0,,United Kingdom
469110,576580,22034,,-5,15-11-2011 14:15,0.0,,United Kingdom
469138,576585,84247E,,22,15-11-2011 14:17,0.0,,United Kingdom
469474,576594,21394,,1,15-11-2011 14:55,0.0,,United Kingdom
471147,576619,21054,,1,15-11-2011 17:01,0.0,,United Kingdom
471148,576620,16207A,,1,15-11-2011 17:02,0.0,,United Kingdom
472006,576662,22570,,1,16-11-2011 11:19,0.0,,United Kingdom
472945,576777,22121,,4,16-11-2011 13:23,0.0,,United Kingdom
473440,576835,21618,,-2,16-11-2011 15:10,0.0,,United Kingdom
480030,577251,72802C,,1,18-11-2011 12:18,0.0,,United Kingdom
480178,577264,85125,,3,18-11-2011 12:32,0.0,,United Kingdom
480179,577265,23268,,2,18-11-2011 12:33,0.0,,United Kingdom
480500,577306,72817,,12,18-11-2011 13:06,0.0,,United Kingdom
481106,577339,15060B,,9,18-11-2011 14:57,0.0,,United Kingdom
481107,577340,22570,,40,18-11-2011 14:57,0.0,,United Kingdom
485501,577608,35400,,5,21-11-2011 09:22,0.0,,United Kingdom
489197,577956,21145,,3,22-11-2011 12:10,0.0,,United Kingdom
489199,577961,23268,,2,22-11-2011 12:11,0.0,,United Kingdom
489200,577964,37489A,,2,22-11-2011 12:11,0.0,,United Kingdom
489201,577966,85045,,2,22-11-2011 12:12,0.0,,United Kingdom
489202,577968,85135B,,2,22-11-2011 12:12,0.0,,United Kingdom
489203,577970,85135A,,4,22-11-2011 12:12,0.0,,United Kingdom
489204,577971,22606,,1,22-11-2011 12:12,0.0,,United Kingdom
489205,577972,84663A,,1,22-11-2011 12:13,0.0,,United Kingdom
495917,578336,23579,,1,24-11-2011 09:06,0.0,,United Kingdom
495918,578337,23348,,1,24-11-2011 09:07,0.0,,United Kingdom
495919,578338,22125,,1,24-11-2011 09:07,0.0,,United Kingdom
495929,578340,22568,,8,24-11-2011 09:07,0.0,,United Kingdom
497301,578360,84971L,,2,24-11-2011 10:36,0.0,,United Kingdom
497569,578426,23131,,-12,24-11-2011 12:03,0.0,,United Kingdom
497632,578431,22579,,-18,24-11-2011 12:15,0.0,,United Kingdom
497677,578456,22579,,11,24-11-2011 12:29,0.0,,United Kingdom
498597,578529,22087,,-23,24-11-2011 14:29,0.0,,United Kingdom
499156,578628,23541,,20,24-11-2011 15:55,0.0,,United Kingdom
499157,578629,22943,,24,24-11-2011 15:56,0.0,,United Kingdom
499169,578632,22579,,4,24-11-2011 16:22,0.0,,United Kingdom
499787,578693,21811,,1,25-11-2011 09:38,0.0,,United Kingdom
500161,578738,21638,,-33,25-11-2011 11:33,0.0,,United Kingdom
508796,579272,22812,,2,29-11-2011 10:00,0.0,,United Kingdom
510622,579460,21110,,-151,29-11-2011 14:39,0.0,,United Kingdom
511451,579500,22810,,33,29-11-2011 16:14,0.0,,United Kingdom
514205,579688,21116,,-33,30-11-2011 13:51,0.0,,United Kingdom
514287,579691,47503A,,-5,30-11-2011 14:05,0.0,,United Kingdom
514651,579738,21927,,8,30-11-2011 14:26,0.0,,United Kingdom
516189,579880,22947,,5,30-11-2011 17:14,0.0,,United Kingdom
517719,580087,84341B,,-2,01-12-2011 14:27,0.0,,United Kingdom
519967,580197,22696,,6,02-12-2011 12:04,0.0,,United Kingdom
521333,580359,20775,,-35,02-12-2011 16:11,0.0,,United Kingdom
522160,580379,72225C,,-144,02-12-2011 17:57,0.0,,United Kingdom
522162,580381,21758,,-9,02-12-2011 17:58,0.0,,United Kingdom
524473,580580,21804,,10,05-12-2011 10:33,0.0,,United Kingdom
524475,580588,21808,,5,05-12-2011 10:35,0.0,,United Kingdom
529667,580743,47591B,,1,06-12-2011 09:30,0.0,,United Kingdom
533711,581102,21803,,20,07-12-2011 11:57,0.0,,United Kingdom
533712,581103,22689,,4,07-12-2011 11:58,0.0,,United Kingdom
535322,581199,84581,,-2,07-12-2011 18:26,0.0,,United Kingdom
535326,581203,23406,,15,07-12-2011 18:31,0.0,,United Kingdom
535332,581209,21620,,6,07-12-2011 18:35,0.0,,United Kingdom
536981,581234,72817,,27,08-12-2011 10:33,0.0,,United Kingdom
538554,581408,85175,,20,08-12-2011 14:06,0.0,,United Kingdom
